VendorID,lpep_pickup_datetime,lpep_dropoff_datetime,store_and_fwd_flag,RatecodeID,PULocationID,DOLocationID,passenger_count,trip_distance,fare_amount,extra,mta_tax,tip_amount,tolls_amount,ehail_fee,improvement_surcharge,total_amount,payment_type,trip_type,congestion_surcharge
2,2018-12-21 15:17:29,2018-12-21 15:18:57,N,1,264,264,5,.00,3,0.5,0.5,0,0,,0.3,4.3,2,1,
2,2019-01-01 00:10:16,2019-01-01 00:16:32,N,1,97,49,2,.86,6,0.5,0.5,0,0,,0.3,7.3,2,1,
2,2019-01-01 00:27:11,2019-01-01 00:31:38,N,1,49,189,2,.66,4.5,0.5,0.5,0,0,,0.3,5.8,1,1,
2,2019-01-01 00:46:20,2019-01-01 01:04:54,N,1,189,17,2,2.68,13.5,0.5,0.5,2.96,0,,0.3,19.71,1,1,
2,2019-01-01 00:19:06,2019-01-01 00:39:43,N,1,82,258,1,4.53,18,0.5,0.5,0,0,,0.3,19.3,2,1,
2,2019-01-01 00:12:35,2019-01-01 00:19:09,N,1,49,17,1,1.05,6.5,0.5,0.5,0,0,,0.3,7.8,1,1,
2,2019-01-01 00:47:55,2019-01-01 01:00:01,N,1,255,33,1,3.77,13.5,0.5,0.5,0,0,,0.3,14.8,1,1,
1,2019-01-01 00:12:47,2019-01-01 00:30:50,N,1,76,225,1,4.10,16,0.5,0.5,0,0,,0.3,17.3,1,1,
2,2019-01-01 00:16:23,2019-01-01 00:39:46,N,1,25,89,1,7.75,25.5,0.5,0.5,0,0,,0.3,26.8,1,1,
2,2019-01-01 00:58:02,2019-01-01 01:19:02,N,1,85,39,1,3.68,15.5,0.5,0.5,0,0,,0.3,16.8,1,1,
2,2019-01-01 00:37:00,2019-01-01 00:56:42,N,1,223,238,1,6.84,22,0.5,0.5,8,5.76,,0.3,37.06,1,1,
2,2019-01-01 00:13:48,2019-01-01 00:21:00,N,1,129,129,2,1.15,6.5,0.5,0.5,1.56,0,,0.3,9.36,1,1,
2,2019-01-01 00:19:59,2019-01-01 00:45:50,N,1,71,71,1,.49,15.5,0.5,0.5,0,0,,0.3,16.8,1,1,
2,2019-01-01 00:57:57,2019-01-01 01:20:10,N,1,85,177,1,3.61,17,0.5,0.5,0,0,,0.3,18.3,1,1,
1,2019-01-01 00:09:02,2019-01-01 00:17:50,N,1,256,80,1,1.20,7.5,0.5,0.5,5.2,0,,0.3,14,1,1,
1,2019-01-01 00:22:12,2019-01-01 00:25:29,N,1,80,80,1,.50,4,0.5,0.5,0,0,,0.3,5.3,2,1,
1,2019-01-01 00:31:55,2019-01-01 00:52:59,N,1,256,229,1,5.50,19.5,0.5,0.5,4.15,0,,0.3,24.95,1,1,
2,2019-01-01 00:30:20,2019-01-01 00:54:19,N,1,255,231,1,5.01,20,0.5,0.5,4.26,0,,0.3,25.56,1,1,
2,2018-12-31 23:58:06,2019-01-01 00:00:57,N,1,146,7,1,.43,4,0.5,0.5,1.06,0,,0.3,6.36,1,1,
2,2019-01-01 00:40:17,2019-01-01 00:50:23,N,1,146,129,1,2.72,10.5,0.5,0.5,2.36,0,,0.3,14.16,1,1,
2,2019-01-01 00:51:16,2019-01-01 01:04:10,N,1,129,157,1,2.15,10.5,0.5,0.5,2.95,0,,0.3,14.75,1,1,
2,2019-01-01 00:30:28,2019-01-01 00:41:18,N,1,256,112,5,2.18,9.5,0.5,0.5,3.24,0,,0.3,14.04,1,1,
2,2019-01-01 00:26:59,2019-01-01 01:01:33,N,1,66,68,5,6.66,25.5,0.5,0.5,0,0,,0.3,26.8,2,1,
2,2019-01-01 00:39:09,2019-01-01 00:42:32,N,1,7,7,1,.57,4.5,0.5,0.5,0,0,,0.3,5.8,2,1,
2,2019-01-01 00:35:13,2019-01-01 01:18:53,N,1,74,62,1,13.90,44,0.5,0.5,0,0,,0.3,45.3,1,1,
1,2019-01-01 00:35:52,2019-01-01 00:40:00,N,1,7,260,1,.80,5,0.5,0.5,0,0,,0.3,6.3,2,1,
1,2019-01-01 00:48:27,2019-01-01 00:55:49,N,1,7,223,1,1.40,7,0.5,0.5,0,0,,0.3,8.3,2,1,
2,2019-01-01 00:01:21,2019-01-01 00:08:45,N,1,97,181,1,1.21,7,0.5,0.5,0,0,,0.3,8.3,2,1,
2,2019-01-01 00:24:39,2019-01-01 00:43:17,N,1,181,17,1,2.74,14,0.5,0.5,2,0,,0.3,17.3,1,1,
2,2019-01-01 00:44:25,2019-01-01 00:53:03,N,1,17,256,1,1.99,8.5,0.5,0.5,2.45,0,,0.3,12.25,1,1,
2,2019-01-01 00:44:58,2019-01-01 01:13:46,N,1,41,254,1,9.97,32,0.5,0.5,0,0,,0.3,33.3,1,1,
2,2019-01-01 00:08:07,2019-01-01 00:18:36,N,1,182,182,3,1.36,8.5,0.5,0.5,0,0,,0.3,9.8,2,1,
2,2019-01-01 00:40:23,2019-01-01 00:56:12,N,1,106,89,2,2.80,13,0.5,0.5,0,0,,0.3,14.3,1,1,
2,2019-01-01 00:29:46,2019-01-01 00:41:09,N,1,181,52,6,1.52,9,0.5,0.5,2.06,0,,0.3,12.36,1,1,
2,2019-01-01 00:01:17,2019-01-01 00:21:33,N,1,106,14,1,3.08,15,0.5,0.5,0,0,,0.3,16.3,2,1,
2,2019-01-01 00:59:07,2019-01-01 01:30:20,N,1,97,42,1,12.03,35.5,0.5,0.5,0,0,,0.3,36.8,2,1,
2,2019-01-01 00:44:31,2019-01-01 01:25:32,N,1,223,223,1,13.54,42.5,0.5,0.5,0,0,,0.3,43.8,2,1,
2,2019-01-01 00:23:15,2019-01-01 01:10:07,N,1,95,262,1,10.76,40,0.5,0.5,0,0,,0.3,41.3,1,1,
2,2019-01-01 00:33:41,2019-01-01 00:54:35,N,1,75,137,1,4.58,16.5,0.5,0.5,3.56,0,,0.3,21.36,1,1,
2,2019-01-01 00:33:40,2019-01-01 00:59:29,N,1,119,32,1,5.52,21.5,0.5,0.5,0,0,,0.3,22.8,1,1,
2,2019-01-01 00:31:28,2019-01-01 00:57:27,N,5,255,91,3,10.98,30,0,0,6,0,,0,36,1,2,
1,2019-01-01 00:19:22,2019-01-01 00:31:33,N,1,66,65,2,1.40,9.5,0.5,0.5,0,0,,0.3,10.8,2,1,
1,2019-01-01 00:45:24,2019-01-01 01:09:30,N,1,49,35,2,4.10,18,0.5,0.5,0,0,,0.3,19.3,1,1,
2,2019-01-01 01:00:28,2019-01-01 01:16:36,N,1,173,129,1,2.26,11.5,0.5,0.5,0,0,,0.3,12.8,2,1,
2,2019-01-01 00:41:11,2019-01-01 00:48:14,N,1,166,74,1,1.43,7,0.5,0.5,2.49,0,,0.3,10.79,1,1,
2,2019-01-01 00:55:18,2019-01-01 00:58:08,N,1,223,223,1,.76,4.5,0.5,0.5,1.45,0,,0.3,7.25,1,1,
2,2019-02-01 00:10:19,2019-02-01 00:21:43,N,1,92,135,1,2.79,11,0.5,0.5,3.08,0,,0.3,15.38,1,1,0
2,2019-02-01 00:02:16,2019-02-01 00:24:37,N,1,66,36,1,4.46,17.5,0.5,0.5,3.76,0,,0.3,22.56,1,1,0
2,2019-02-01 00:37:19,2019-02-01 00:43:07,N,1,255,112,1,1.26,6,0.5,0.5,1.46,0,,0.3,8.76,1,1,0
1,2019-02-01 00:10:10,2019-02-01 00:12:21,N,1,75,238,1,.70,4,0.5,0.5,0,0,,0.3,5.3,2,1,0
1,2019-02-01 00:30:19,2019-02-01 00:46:14,N,1,75,48,1,3.90,14.5,0.5,0.5,0,0,,0.3,15.8,2,1,0
1,2019-02-01 00:43:46,2019-02-01 00:46:08,N,1,7,7,1,.60,4,0.5,0.5,1,0,,0.3,6.3,1,1,0
2,2019-02-01 00:32:56,2019-02-01 00:45:10,N,1,255,37,1,2.31,10.5,0.5,0.5,2.36,0,,0.3,14.16,1,1,0
2,2019-02-01 00:55:28,2019-02-01 01:13:53,N,1,80,192,1,8.70,26,0.5,0.5,0,0,,0.3,27.3,2,1,0
2,2019-02-01 00:26:19,2019-02-01 00:37:58,N,1,265,248,3,6.51,19.5,0.5,0.5,0,0,,0.3,20.8,2,1,0
2,2019-02-01 00:59:41,2019-02-01 01:04:06,N,1,82,83,1,1.01,5.5,0.5,0.5,2.04,0,,0.3,8.84,1,1,0
2,2019-02-01 00:13:06,2019-02-01 00:18:47,N,1,74,159,1,1.62,7,0.5,0.5,0,0,,0.3,8.3,2,1,0
2,2019-02-01 00:23:40,2019-02-01 00:27:00,N,1,247,42,1,.65,4.5,0.5,0.5,0,0,,0.3,5.8,2,1,0
2,2019-02-01 00:41:21,2019-02-01 00:56:58,N,1,42,161,1,5.65,17.5,0.5,0.5,0,0,,0.3,18.8,1,1,0
2,2019-02-01 00:23:25,2019-02-01 00:27:55,N,1,255,112,1,1.14,5.5,0.5,0.5,1.7,0,,0.3,8.5,1,1,0
2,2019-02-01 00:36:32,2019-02-01 01:04:46,N,1,255,143,1,7.69,25.5,0.5,0.5,5.36,0,,0.3,32.16,1,1,0
1,2019-02-01 00:35:09,2019-02-01 00:37:39,N,1,49,49,1,.60,4,0.5,0.5,0,0,,0.3,5.3,2,1,0
2,2019-02-01 00:55:55,2019-02-01 00:55:59,N,1,42,42,1,.02,2.5,0.5,0.5,0,0,,0.3,3.8,2,1,0
1,2019-02-01 00:04:12,2019-02-01 00:22:42,N,5,116,241,2,5.00,7,0,0,0,0,,0,7,4,2,0
2,2019-02-01 00:29:26,2019-02-01 01:02:17,N,1,112,216,1,11.21,35.5,0.5,0.5,0,0,,0.3,36.8,2,1,0
2,2019-02-01 00:42:56,2019-02-01 01:07:51,N,1,66,225,2,7.73,25.5,0.5,0.5,3.5,0,,0.3,30.3,1,1,0
1,2019-02-01 00:43:50,2019-02-01 00:49:30,Y,1,41,42,1,.80,6,0.5,0.5,0,0,,0.3,7.3,2,1,0
2,2019-02-01 00:31:30,2019-02-01 00:34:27,N,1,82,160,1,.48,4,0.5,0.5,1,0,,0.3,6.3,1,1,0
2,2019-02-01 00:48:10,2019-02-01 00:52:36,N,1,82,56,1,.80,5,0.5,0.5,0,0,,0.3,6.3,1,1,0
2,2019-02-01 00:07:40,2019-02-01 00:13:57,N,1,82,129,3,1.21,6.5,0.5,0.5,0,0,,0.3,7.8,2,1,0
2,2019-02-01 00:32:41,2019-02-01 00:41:18,N,1,129,56,3,2.14,9,0.5,0.5,0,0,,0.3,10.3,2,1,0
2,2019-02-01 01:01:08,2019-02-01 01:06:23,N,1,260,226,2,1.32,6.5,0.5,0.5,1.56,0,,0.3,9.36,1,1,0
2,2019-02-01 00:10:03,2019-02-01 00:22:04,N,1,83,56,1,2.23,10,0.5,0.5,0,0,,0.3,11.3,2,1,0
2,2019-02-01 00:35:27,2019-02-01 00:40:27,N,1,7,7,1,1.05,5.5,0.5,0.5,2,0,,0.3,8.8,1,1,0
2,2019-02-01 00:50:18,2019-02-02 00:40:27,N,1,7,146,1,.81,5,0.5,0.5,0,0,,0.3,6.3,2,1,0
2,2019-02-01 00:09:52,2019-02-01 00:15:16,N,1,134,216,2,2.62,9,0.5,0.5,0,0,,0.3,10.3,1,1,0
2,2019-02-01 00:23:28,2019-02-01 00:26:54,N,1,134,134,2,.75,4.5,0.5,0.5,1.16,0,,0.3,6.96,1,1,0
2,2019-02-01 00:16:15,2019-02-01 00:23:37,N,1,80,37,5,1.34,7,0.5,0.5,1.66,0,,0.3,9.96,1,1,0
2,2019-02-01 00:35:40,2019-02-01 00:39:18,N,1,36,36,5,.10,4,0.5,0.5,0,0,,0.3,5.3,2,1,0
2,2019-02-01 00:44:32,2019-02-01 01:04:41,N,1,36,145,5,4.51,17,0.5,0.5,5.49,0,,0.3,23.79,1,1,0
2,2019-02-01 00:19:51,2019-02-01 00:27:11,N,1,82,157,1,2.19,8.5,0.5,0.5,3,0,,0.3,12.8,1,1,0
2,2019-02-01 00:40:43,2019-02-01 01:05:23,N,1,260,124,1,6.79,24,0.5,0.5,2,0,,0.3,27.3,1,1,0
2,2019-02-01 00:03:16,2019-02-01 00:14:29,N,1,130,203,1,6.94,19.5,0.5,0.5,0,0,,0.3,20.8,1,1,0
2,2019-02-01 00:34:18,2019-02-01 00:43:17,N,1,130,218,1,2.60,9.5,0.5,0.5,2.16,0,,0.3,12.96,1,1,0
2,2019-02-01 00:48:25,2019-02-01 00:58:19,N,1,82,134,1,2.79,11,0.5,0.5,3.08,0,,0.3,15.38,1,1,0
2,2019-02-01 00:48:45,2019-02-01 00:51:56,N,1,223,223,5,.78,4.5,0.5,0.5,0,0,,0.3,5.8,2,1,0
2,2019-02-01 00:14:41,2019-02-01 00:27:06,N,1,130,191,1,3.80,13,0.5,0.5,3.58,0,,0.3,17.88,1,1,0
2,2019-02-01 00:31:53,2019-02-01 00:50:05,N,1,51,136,5,6.08,20,0.5,0.5,0,0,,0.3,21.3,1,1,0
2,2019-02-01 00:35:19,2019-02-01 00:38:54,N,1,223,223,2,.96,5.5,0.5,0.5,2.04,0,,0.3,8.84,1,1,0
1,2019-02-01 00:08:13,2019-02-01 00:17:54,N,1,244,127,1,3.20,11,0.5,0.5,2,0,,0.3,14.3,1,1,0
2,2019-02-01 00:29:20,2019-02-01 01:04:15,N,1,66,161,6,7.16,29,0.5,0.5,7.58,0,,0.3,37.88,1,1,0
2,2019-02-01 00:26:26,2019-02-01 00:30:59,N,1,7,260,1,1.00,5.5,0.5,0.5,1.36,0,,0.3,8.16,1,1,0
2,2019-02-01 00:43:02,2019-02-01 00:46:38,N,1,7,7,1,.71,4.5,0.5,0.5,1.74,0,,0.3,7.54,1,1,0
1,2019-02-01 00:27:08,2019-02-01 00:38:53,N,1,82,129,2,1.30,9,0.5,0.5,0,0,,0.3,10.3,1,1,0
1,2019-02-01 00:39:58,2019-02-01 00:43:05,N,1,129,70,1,.50,4.5,0.5,0.5,0,0,,0.3,5.8,1,1,0
2,2019-02-01 00:59:43,2019-02-01 01:04:48,N,1,7,7,1,.79,5.5,0.5,0.5,0,0,,0.3,6.8,2,1,0
2,2019-02-01 00:12:43,2019-02-01 00:19:02,N,1,244,152,1,1.27,6.5,0.5,0.5,0,0,,0.3,7.8,2,1,0
2,2019-02-01 00:21:27,2019-02-01 00:34:44,N,1,152,42,1,1.23,6.5,0.5,0.5,0,0,,0.3,7.8,2,1,0
1,2019-02-01 00:41:43,2019-02-01 00:46:11,N,1,256,80,1,.70,5,0.5,0.5,1.25,0,,0.3,7.55,1,1,0
2,2019-02-01 00:06:43,2019-02-01 00:18:21,N,5,42,136,1,4.33,20,0,0,0,0,,0,20,2,2,0
2,2019-03-01 00:02:21,2019-03-01 00:04:52,N,1,193,193,1,.00,3.5,0.5,0.5,1.44,0,,0.3,6.24,1,1,0
2,2019-03-01 00:42:31,2019-03-01 00:47:42,N,1,80,256,1,.72,5.5,0.5,0.5,1.36,0,,0.3,8.16,1,1,0
1,2019-03-01 00:15:53,2019-03-01 00:18:37,N,1,7,179,1,.50,4,0.5,0.5,0,0,,0.3,5.3,2,1,0
2,2019-02-28 23:55:58,2019-03-01 00:01:30,N,1,256,80,1,1.19,6,0.5,0.5,1.46,0,,0.3,8.76,1,1,0
2,2019-03-01 00:55:58,2019-03-01 00:58:12,N,1,223,223,1,.55,4,0.5,0.5,0,0,,0.3,5.3,2,1,0
2,2019-03-01 00:19:39,2019-03-01 00:37:04,N,1,49,76,1,4.17,15.5,0.5,0.5,0,0,,0.3,16.8,2,1,0
2,2019-03-01 00:41:08,2019-03-01 00:45:05,N,1,166,166,1,.83,5,0.5,0.5,1.26,0,,0.3,7.56,1,1,0
2,2019-03-01 00:00:12,2019-03-01 00:18:29,N,5,56,15,1,9.47,20.44,0,0.5,0,0,,0,20.94,1,2,0
2,2019-03-01 00:21:10,2019-03-01 00:36:06,N,1,65,256,1,2.79,12.5,0.5,0.5,0,0,,0.3,13.8,2,1,0
2,2019-03-01 00:45:34,2019-03-01 00:56:34,N,1,255,80,1,2.01,9,0.5,0.5,1.11,0,,0.3,11.41,1,1,0
1,2019-03-01 00:08:19,2019-03-01 00:18:40,N,1,82,226,2,3.30,12,0.5,0.5,3.3,0,,0.3,16.6,1,1,0
2,2019-03-01 00:14:11,2019-03-01 00:19:35,N,1,66,54,2,1.88,7.5,0.5,0.5,2.2,0,,0.3,11,1,1,0
1,2019-03-01 00:12:06,2019-03-01 00:16:19,N,1,42,247,1,1.20,6,0.5,0.5,0,0,,0.3,7.3,2,1,0
2,2019-03-01 00:14:09,2019-03-01 00:17:46,N,1,56,56,1,.60,4.5,0.5,0.5,0,0,,0.3,5.8,2,1,0
2,2019-03-01 00:48:49,2019-03-01 00:51:16,N,1,82,56,1,.31,3.5,0.5,0.5,0,0,,0.3,4.8,2,1,0
2,2019-03-01 00:53:22,2019-03-01 00:59:03,N,1,129,129,3,.68,5.5,0.5,0.5,0,0,,0.3,6.8,2,1,0
1,2019-03-01 00:13:44,2019-03-01 00:29:41,N,1,26,89,1,2.90,12.5,0.5,0.5,0,0,,0.3,13.8,2,1,0
2,2019-03-01 00:58:12,2019-03-01 01:03:10,N,5,241,241,1,.83,8,0,0,1,0,,0,9,1,2,0
2,2019-03-01 00:30:20,2019-03-01 00:33:28,N,1,80,80,1,.49,4,0.5,0.5,1.06,0,,0.3,6.36,1,1,0
2,2019-03-01 00:42:37,2019-03-01 00:47:03,N,1,255,80,1,.73,5,0.5,0.5,1.26,0,,0.3,7.56,1,1,0
2,2019-03-01 00:34:22,2019-03-01 00:39:40,N,1,41,116,1,1.34,6,0.5,0.5,0,0,,0.3,7.3,2,1,0
2,2019-03-01 00:26:27,2019-03-01 00:27:53,N,1,7,7,1,.43,3.5,0.5,0.5,0.5,0,,0.3,5.3,1,1,0
2,2019-03-01 00:54:30,2019-03-01 01:13:41,N,1,7,79,1,5.93,19,0.5,0.5,1,0,,0.3,24.05,1,1,2.75
2,2019-03-01 00:05:44,2019-03-01 00:19:37,N,1,166,243,2,5.40,17.5,0.5,0.5,0,0,,0.3,18.8,2,1,0
1,2019-03-01 00:04:22,2019-03-01 00:25:34,N,1,83,171,1,8.20,25,0.5,0.5,2.7,0,,0.3,29,1,1,0
2,2019-03-01 00:34:41,2019-03-01 00:41:26,N,1,134,216,2,2.63,9.5,0.5,0.5,0,0,,0.3,10.8,1,1,0
2,2019-03-01 00:07:04,2019-03-01 00:18:45,N,1,65,17,1,2.41,10.5,0.5,0.5,2.36,0,,0.3,14.16,1,1,0
2,2019-03-01 00:37:33,2019-03-01 01:06:00,N,1,36,68,1,9.25,30,0.5,0.5,6.81,0,,0.3,40.86,1,1,2.75
2,2019-03-01 00:14:45,2019-03-01 00:26:28,N,1,83,92,1,5.69,18,0.5,0.5,0,0,,0.3,19.3,2,1,0
2,2019-03-01 00:42:24,2019-03-01 00:57:18,N,1,7,129,1,2.97,12,0.5,0.5,0,0,,0.3,13.3,2,1,0
2,2019-03-01 00:01:55,2019-03-01 00:09:57,N,1,7,223,1,1.60,7.5,0.5,0.5,1.76,0,,0.3,10.56,1,1,0
2,2019-03-01 00:06:08,2019-03-01 00:08:30,N,1,75,41,1,.65,4,0.5,0.5,0,0,,0.3,5.3,2,1,0
2,2019-03-01 00:16:08,2019-03-01 00:20:08,N,1,75,75,1,.81,5,0.5,0.5,0,0,,0.3,6.3,2,1,0
2,2019-03-01 00:13:38,2019-03-01 00:19:15,N,1,82,56,1,.96,6,0.5,0.5,1.46,0,,0.3,8.76,1,1,0
2,2019-03-01 00:31:33,2019-03-01 00:35:37,N,1,82,56,1,.51,4.5,0.5,0.5,1.74,0,,0.3,7.54,1,1,0
2,2019-03-01 00:39:49,2019-03-01 01:03:26,N,1,82,48,1,8.33,26.5,0.5,0.5,0,0,,0.3,30.55,2,1,2.75
2,2019-03-01 00:17:18,2019-03-01 00:27:06,N,1,66,144,1,2.44,10.5,0.5,0.5,2.91,0,,0.3,17.46,1,1,2.75
2,2019-03-01 00:49:14,2019-03-01 01:01:44,N,1,66,181,1,2.97,12,0.5,0.5,0,0,,0.3,13.3,2,1,0
2,2019-03-01 00:33:23,2019-03-01 00:52:46,N,1,255,67,1,9.86,28.5,0.5,0.5,5.96,0,,0.3,35.76,1,1,0
2,2019-03-01 00:47:05,2019-03-01 01:10:22,N,1,82,180,1,5.67,21,0.5,0.5,0,0,,0.3,22.3,2,1,0
2,2019-03-01 00:25:17,2019-03-01 00:37:54,N,1,80,145,1,2.69,11.5,0.5,0.5,0,0,,0.3,12.8,2,1,0
2,2019-03-01 00:09:49,2019-03-01 00:10:06,N,5,212,248,1,.51,7,0,0,0,0,,0,7,1,2,0
2,2019-03-01 00:26:54,2019-03-01 00:29:47,N,5,212,182,1,.58,7,0,0,0,0,,0,7,1,2,0
2,2019-03-01 00:39:13,2019-03-01 00:51:11,N,1,248,18,1,3.54,13,0.5,0.5,0,0,,0.3,14.3,2,1,0
2,2019-03-01 00:23:17,2019-03-01 00:43:45,N,1,255,137,5,4.42,17,0.5,0.5,5.26,0,,0.3,26.31,1,1,2.75
2,2019-03-01 00:53:39,2019-03-01 00:58:35,N,1,83,82,1,.96,5.5,0.5,0.5,0,0,,0.3,6.8,2,1,0
2,2019-03-01 00:18:08,2019-03-01 00:31:19,N,1,92,53,1,3.08,12,0.5,0.5,2,0,,0.3,15.3,1,1,0
2,2019-03-01 00:27:32,2019-03-01 00:46:54,N,1,66,237,1,7.76,24,0.5,0.5,5.61,0,,0.3,33.66,1,1,2.75
2,2019-03-01 00:51:02,2019-03-01 00:56:10,N,1,7,179,1,.98,5.5,0.5,0.5,0,0,,0.3,6.8,2,1,0
2,2019-03-01 00:05:39,2019-03-01 00:20:56,N,1,36,97,1,3.42,13.5,0.5,0.5,0,0,,0.3,14.8,2,1,0
2,2019-02-28 19:06:25,2019-02-28 19:19:16,N,1,41,69,1,3.23,12.5,0.5,0.5,0,0,,0.3,13.8,2,1,0
2,2019-03-01 00:01:15,2019-03-01 00:18:13,N,1,25,188,1,3.11,13.5,0.5,0.5,2.96,0,,0.3,17.76,1,1,0
2,2019-03-01 00:10:11,2019-03-01 00:13:25,N,1,116,116,1,.39,4,0.5,0.5,1.06,0,,0.3,6.36,1,1,0
2,2019-03-01 00:31:33,2019-03-01 00:36:41,N,1,244,116,1,.90,5.5,0.5,0.5,0,0,,0.3,6.8,2,1,0
2,2019-04-01 00:18:40,2019-04-01 00:37:56,N,1,129,234,1,7.72,24,0.5,0.5,0,6.12,,0.3,34.17,2,1,2.75
2,2019-04-01 00:18:24,2019-04-01 00:28:09,N,1,7,83,1,2.73,11,0.5,0.5,0,0,,0.3,12.3,2,1,0
2,2019-04-01 00:31:24,2019-04-01 00:38:28,N,1,82,82,1,1.57,7,0.5,0.5,0,0,,0.3,8.3,2,1,0
2,2019-04-01 00:48:30,2019-04-01 00:58:28,N,1,82,83,1,.88,8,0.5,0.5,0,0,,0.3,9.3,2,1,0
1,2019-04-01 00:04:42,2019-04-01 00:16:50,N,1,7,129,1,3.10,12,0.5,0.5,0,0,,0.3,13.3,2,1,0
1,2019-04-01 00:01:51,2019-04-01 00:10:34,N,1,179,129,1,2.80,10.5,0.5,0.5,3.5,0,,0.3,15.3,1,1,0
1,2019-04-01 00:34:12,2019-04-01 00:44:59,N,1,260,95,1,3.00,11.5,0.5,0.5,0,0,,0.3,12.8,2,1,0
2,2019-04-01 00:25:18,2019-04-01 00:33:51,N,1,74,151,1,2.86,10,0.5,0.5,2.26,0,,0.3,13.56,1,1,0
1,2019-04-01 00:04:15,2019-04-01 00:22:09,N,1,7,129,1,3.50,15.5,0.5,0.5,0,0,,0.3,16.8,2,1,0
2,2019-04-01 00:19:13,2019-04-01 00:30:32,N,1,265,248,3,6.39,19,0.5,0.5,0,0,,0.3,20.3,2,1,0
2,2019-04-01 00:20:45,2019-04-01 00:28:44,N,1,83,82,1,1.29,7.5,0.5,0.5,1.76,0,,0.3,10.56,1,1,0
2,2019-04-01 00:14:57,2019-04-01 00:24:56,N,1,119,243,1,1.89,9,0.5,0.5,0,0,,0.3,10.3,2,1,0
2,2019-04-01 00:48:03,2019-04-01 00:52:11,N,1,169,94,1,.76,5,0.5,0.5,0,0,,0.3,6.3,2,1,0
2,2019-04-01 00:10:25,2019-04-01 00:24:26,N,1,7,229,1,3.65,14.5,0.5,0.5,0,0,,0.3,18.55,2,1,2.75
2,2019-04-01 00:46:41,2019-04-01 01:04:30,N,1,7,164,1,5.18,17.5,0.5,0.5,0,0,,0.3,21.55,2,1,2.75
2,2019-04-01 00:37:16,2019-04-01 00:55:45,N,1,255,90,1,5.33,18,0.5,0.5,3.8,0,,0.3,25.85,1,1,2.75
1,2019-04-01 00:04:16,2019-04-01 00:07:01,N,1,255,256,2,.60,4,0.5,0.5,1,0,,0.3,6.3,1,1,0
1,2019-04-01 00:22:52,2019-04-01 00:30:52,N,1,255,112,4,1.30,7.5,0.5,0.5,1,0,,0.3,9.8,1,1,0
2,2019-04-01 00:03:14,2019-04-01 00:10:53,N,1,244,243,4,1.34,7.5,0.5,0.5,0,0,,0.3,8.8,2,1,0
1,2019-04-01 00:43:20,2019-04-01 00:50:38,N,1,256,17,1,1.20,7,0,0.5,0.5,0,,0.3,8.3,1,1,0
2,2019-04-01 00:36:50,2019-04-01 00:57:35,N,5,39,61,1,4.27,20,0,0.5,0,0,,0,20.5,1,2,0
2,2019-04-01 00:11:54,2019-04-01 00:36:00,N,1,75,217,1,9.05,28,0.5,0.5,0,0,,0.3,32.05,2,1,2.75
2,2019-04-01 00:56:10,2019-04-01 01:00:31,N,1,82,82,1,.85,5,0.5,0.5,0,0,,0.3,6.3,2,1,0
2,2019-04-01 00:32:22,2019-04-01 00:49:46,N,1,129,226,3,3.00,13.5,0.5,0.5,0,0,,0.3,14.8,2,1,0
2,2019-04-01 00:34:12,2019-04-01 00:36:58,N,1,247,119,1,.77,4.5,0.5,0.5,0,0,,0.3,5.8,2,1,0
2,2019-04-01 00:57:38,2019-04-01 01:07:20,N,1,255,157,1,3.04,10.5,0.5,0.5,1,0,,0.3,12.8,1,1,0
2,2019-04-01 00:59:36,2019-04-01 01:07:02,N,1,168,75,1,2.16,8.5,0.5,0.5,1.96,0,,0.3,11.76,1,1,0
2,2019-04-01 00:06:25,2019-04-01 00:12:13,N,1,116,116,1,.99,6,0.5,0.5,0,0,,0.3,7.3,2,1,0
2,2019-04-01 00:37:59,2019-04-01 00:54:18,N,1,41,230,1,5.09,17,0.5,0.5,0,0,,0.3,21.05,1,1,2.75
2,2019-04-01 00:31:38,2019-04-01 00:46:14,N,1,7,226,1,2.69,12,0.5,0.5,0,0,,0.3,13.3,2,1,0
2,2019-04-01 00:40:50,2019-04-01 00:59:28,N,1,260,181,1,11.97,33,0.5,0.5,0,0,,0.3,34.3,2,1,0
2,2019-04-01 00:04:15,2019-04-01 00:10:34,N,1,83,83,1,1.01,6,0.5,0.5,1.82,0,,0.3,9.12,1,1,0
2,2019-04-01 00:51:17,2019-04-01 00:55:46,N,1,83,260,1,.90,5,0.5,0.5,0,0,,0.3,6.3,2,1,0
2,2019-04-01 00:07:31,2019-04-01 00:11:34,N,1,223,223,1,.90,5,0.5,0.5,1,0,,0.3,7.3,1,1,0
2,2019-04-01 00:52:03,2019-04-01 01:01:12,N,1,223,7,1,1.82,8.5,0.5,0.5,1.96,0,,0.3,11.76,1,1,0
2,2019-04-01 00:55:48,2019-04-01 01:01:40,N,1,41,74,1,.90,6,0.5,0.5,0,0,,0.3,7.3,2,1,0
2,2019-04-01 00:28:50,2019-04-01 00:41:26,N,1,42,167,1,2.55,11,0.5,0.5,0,0,,0.3,12.3,2,1,0
2,2019-04-01 00:20:03,2019-04-01 00:25:58,N,1,179,7,1,.85,6,0.5,0.5,1.46,0,,0.3,8.76,1,1,0
1,2019-04-01 00:11:45,2019-04-01 00:28:09,N,1,244,151,1,4.70,16,0.5,0.5,3.7,0,,0.3,21,1,1,0
2,2019-04-01 00:05:17,2019-04-01 00:09:25,N,1,65,97,1,.95,5,0.5,0.5,0,0,,0.3,6.3,2,1,0
2,2019-04-01 00:50:44,2019-04-01 00:56:27,N,1,116,152,1,1.14,6,0.5,0.5,0,0,,0.3,7.3,2,1,0
2,2019-04-01 00:33:00,2019-04-01 00:37:22,N,1,42,41,1,.71,5,0.5,0.5,1.58,0,,0.3,7.88,1,1,0
2,2019-04-01 00:44:08,2019-04-01 00:49:54,N,1,41,69,1,1.65,7.5,0.5,0.5,0,0,,0.3,8.8,2,1,0
2,2019-04-01 00:31:10,2019-04-01 00:45:11,N,1,25,228,1,3.00,13,0.5,0.5,3.58,0,,0.3,17.88,1,1,0
2,2019-04-01 00:07:29,2019-04-01 00:11:41,N,1,41,42,1,1.00,5.5,0.5,0.5,0,0,,0.3,6.8,1,1,0
2,2019-04-01 00:37:37,2019-04-01 00:39:07,N,1,112,112,1,.29,-3,-0.5,-0.5,0,0,,-0.3,-4.3,3,1,0
2,2019-04-01 00:37:37,2019-04-01 00:39:07,N,1,112,112,1,.29,3,0.5,0.5,0,0,,0.3,4.3,2,1,0
2,2019-04-01 00:45:47,2019-04-01 00:57:50,N,1,112,256,1,1.56,8,0.5,0.5,0,0,,0.3,9.3,2,1,0
2,2019-04-01 00:52:56,2019-04-01 00:57:19,N,1,82,56,1,.92,5,0.5,0.5,1.26,0,,0.3,7.56,1,1,0
2,2019-04-01 00:11:20,2019-04-01 00:19:32,N,1,166,41,1,1.44,7.5,0.5,0.5,1,0,,0.3,9.8,1,1,0
2,2019-04-01 00:48:54,2019-04-01 00:57:34,N,1,43,143,1,2.67,10,0.5,0.5,1.5,0,,0.3,15.55,1,1,2.75
2,2019-04-01 00:37:21,2019-04-01 00:50:55,N,1,74,7,1,4.77,16,0.5,0.5,4.68,6.12,,0.3,28.1,1,1,0
2,2019-04-01 00:13:18,2019-04-01 00:22:10,N,1,25,181,1,2.11,9,0.5,0.5,0,0,,0.3,10.3,2,1,0
2,2019-04-01 00:26:02,2019-04-01 00:34:59,N,1,66,112,1,4.53,14.5,0.5,0.5,2.7,0,,0.3,18.5,1,1,0
2,2019-04-01 00:37:52,2019-04-01 00:44:56,N,1,74,166,1,1.71,7.5,0.5,0.5,1.76,0,,0.3,10.56,1,1,0
2,2019-05-01 00:03:18,2019-05-01 00:08:11,N,1,166,41,1,1.00,6,0.5,0.5,0,0,,0.3,7.3,2,1,0
2,2019-05-01 00:16:32,2019-05-01 00:26:55,N,1,166,116,1,2.22,9.5,0.5,0.5,2.7,0,,0.3,13.5,1,1,0
2,2019-05-01 00:00:46,2019-05-01 00:08:06,N,1,226,226,2,1.54,7.5,0.5,0.5,1.76,0,,0.3,10.56,1,1,0
1,2019-05-01 00:24:40,2019-05-01 00:28:56,N,1,74,41,1,.80,5,0.5,0.5,1.25,0,,0.3,7.55,1,1,0
2,2019-05-01 00:14:44,2019-05-01 00:21:18,N,1,82,160,1,1.38,7,0.5,0.5,0,0,,0.3,8.3,2,1,0
2,2019-05-01 00:20:22,2019-05-01 00:28:42,N,1,82,129,1,2.70,10,0.5,0.5,0,0,,0.3,11.3,2,1,0
2,2019-05-01 00:34:48,2019-05-01 00:56:02,N,1,7,56,1,4.40,18,0.5,0.5,0,0,,0.3,19.3,2,1,0
2,2019-05-01 00:09:55,2019-05-01 00:15:04,N,1,41,74,1,.66,5.5,0.5,0.5,0,0,,0.3,6.8,2,1,0
2,2019-05-01 00:29:33,2019-05-01 00:45:27,N,5,74,213,1,5.92,17,0,0,0,0,,0,17,2,2,0
2,2019-05-01 00:33:52,2019-05-01 00:38:02,N,1,260,83,1,.75,5,0.5,0.5,0,0,,0.3,6.3,2,1,0
2,2019-05-01 00:14:22,2019-05-01 00:26:53,N,1,82,70,1,2.71,11,0.5,0.5,0,0,,0.3,12.3,2,1,0
2,2019-05-01 00:41:24,2019-05-01 00:51:32,N,1,82,56,1,2.01,9.5,0.5,0.5,0,0,,0.3,10.8,2,1,0
1,2019-05-01 00:10:42,2019-05-01 00:18:39,N,1,29,210,1,1.60,8,0.5,0.5,0,0,,0.3,9.3,2,1,0
2,2019-05-01 00:10:56,2019-05-01 00:14:34,N,1,7,7,1,.74,4.5,0.5,0.5,0,0,,0.3,5.8,2,1,0
2,2019-05-01 00:19:41,2019-05-01 00:25:50,N,1,7,223,1,1.09,6.5,0.5,0.5,0,0,,0.3,7.8,2,1,0
2,2019-05-01 00:32:55,2019-05-01 00:37:10,N,1,7,7,1,.91,5,0.5,0.5,0,0,,0.3,6.3,2,1,0
2,2019-05-01 00:26:27,2019-05-01 00:36:17,N,1,33,17,6,2.87,11,0.5,0.5,0,0,,0.3,12.3,2,1,0
2,2019-05-01 00:23:43,2019-05-01 00:35:11,N,1,116,243,1,2.80,11.5,0.5,0.5,0,0,,0.3,12.8,2,1,0
2,2019-05-01 00:51:58,2019-05-01 00:59:49,N,1,69,42,1,1.92,8.5,0.5,0.5,0,0,,0.3,9.8,2,1,0
2,2019-05-01 00:04:22,2019-05-01 00:08:11,N,1,41,42,1,.96,5.5,0.5,0.5,0,0,,0.3,6.8,2,1,0
2,2019-05-01 00:20:50,2019-05-01 00:35:17,N,1,166,239,1,2.94,13,0.5,0.5,3.41,0,,0.3,20.46,1,1,2.75
2,2019-05-01 00:57:36,2019-05-01 01:05:58,N,1,166,42,1,1.66,8,0.5,0.5,0,0,,0.3,9.3,1,1,0
2,2019-05-01 00:25:52,2019-05-01 00:26:59,N,1,25,25,1,.20,3,0.5,0.5,0.08,0,,0.3,4.38,1,1,0
1,2019-05-01 00:24:43,2019-05-01 00:31:56,N,1,129,82,4,1.40,7,0.5,0.5,0,0,,0.3,8.3,2,1,0
1,2019-05-01 00:48:48,2019-05-01 00:56:32,N,1,129,129,1,1.50,7.5,0.5,0.5,0,0,,0.3,8.8,2,1,0
2,2019-05-01 00:54:15,2019-05-01 01:38:03,N,1,97,133,2,5.93,28.5,0.5,0.5,0,0,,0.3,29.8,2,1,0
2,2019-05-01 00:25:41,2019-05-01 00:31:46,N,1,74,74,1,1.07,6.5,0.5,0.5,0,0,,0.3,7.8,2,1,0
2,2019-05-01 00:21:53,2019-05-01 00:28:33,N,1,255,112,1,1.01,6,0.5,0.5,0,0,,0.3,7.3,2,1,0
2,2019-05-01 00:10:03,2019-05-01 00:32:21,N,1,255,249,2,4.68,18.5,0.5,0.5,3.38,0,,0.3,25.93,1,1,2.75
2,2019-05-01 00:43:43,2019-05-01 00:49:57,N,1,244,243,2,1.66,7.5,0.5,0.5,1.76,0,,0.3,10.56,1,1,0
2,2019-04-30 23:59:20,2019-05-01 00:24:56,N,1,66,246,1,7.83,26.5,0.5,0.5,0,0,,0.3,30.55,2,1,2.75
2,2019-05-01 00:44:14,2019-05-01 00:49:23,N,1,25,40,5,1.26,6,0.5,0.5,1.46,0,,0.3,8.76,1,1,0
2,2019-04-30 23:11:27,2019-04-30 23:20:12,N,1,33,181,1,2.03,9,0.5,0.5,2.58,0,,0.3,12.88,1,1,0
2,2019-04-30 23:37:39,2019-04-30 23:51:07,N,1,52,188,1,3.47,13,0.5,0.5,2.86,0,,0.3,17.16,1,1,0
1,2019-05-01 00:27:04,2019-05-01 00:40:38,N,1,95,191,1,5.90,19,0.5,0.5,4.05,0,,0.3,24.35,1,1,0
2,2019-05-01 00:17:15,2019-05-01 00:23:34,N,1,75,75,2,1.15,6.5,0.5,0.5,0,0,,0.3,7.8,1,1,0
2,2019-05-01 00:45:31,2019-05-01 00:47:40,N,1,75,41,1,.87,4.5,0.5,0.5,1,0,,0.3,6.8,1,1,0
2,2019-05-01 00:50:29,2019-05-01 01:15:40,N,1,41,231,1,8.73,27,0.5,0.5,0,0,,0.3,31.05,2,1,2.75
1,2019-05-01 00:19:52,2019-05-01 00:27:09,N,1,65,97,1,1.20,7,0.5,0.5,1.65,0,,0.3,9.95,1,1,0
1,2019-05-01 00:49:53,2019-05-01 01:12:14,N,1,33,186,1,5.20,20,3.25,0.5,3,0,,0.3,27.05,1,1,2.75
2,2019-05-01 00:06:04,2019-05-01 00:11:04,N,1,41,74,1,.77,5.5,0.5,0.5,0,0,,0.3,6.8,2,1,0
2,2019-05-01 00:35:25,2019-05-01 00:37:52,N,1,41,42,1,.73,4.5,0.5,0.5,1,0,,0.3,6.8,1,1,0
2,2019-05-01 00:10:05,2019-05-01 00:15:14,N,1,130,216,1,1.86,7.5,0.5,0.5,1.76,0,,0.3,10.56,1,1,0
2,2019-05-01 00:24:34,2019-05-01 00:37:18,N,1,130,139,1,6.52,19.5,0.5,0.5,6.24,0,,0.3,27.04,1,1,0
2,2019-05-01 00:01:16,2019-05-01 00:06:18,N,1,65,49,1,1.01,5.5,0.5,0.5,1,0,,0.3,7.8,1,1,0
2,2019-05-01 00:17:15,2019-05-01 00:32:14,N,1,65,61,1,3.84,14.5,0.5,0.5,0,0,,0.3,15.8,2,1,0
2,2019-04-30 23:40:30,2019-04-30 23:48:30,N,1,7,179,1,1.15,7.5,0.5,0.5,0,0,,0.3,8.8,2,1,0
2,2019-05-01 00:11:44,2019-05-01 00:16:39,N,1,179,179,1,.71,5,0.5,0.5,1.26,0,,0.3,7.56,1,1,0
2,2019-05-01 00:03:00,2019-05-01 00:10:21,N,1,40,181,5,1.72,8,0.5,0.5,1.86,0,,0.3,11.16,1,1,0
2,2019-05-01 00:04:23,2019-05-01 00:13:05,N,1,244,127,1,3.29,11.5,0.5,0.5,2.08,0,,0.3,14.88,1,1,0
2,2019-05-01 00:50:06,2019-05-01 01:14:18,N,1,244,69,1,4.76,19.5,0.5,0.5,0,0,,0.3,20.8,2,1,0
2,2019-05-01 00:02:37,2019-05-01 00:13:15,N,1,66,211,5,2.85,11,0.5,0.5,2,0,,0.3,17.05,1,1,2.75
1,2019-05-01 00:13:54,2019-05-01 00:29:44,N,1,166,75,1,2.60,13,0.5,0.5,0,0,,0.3,14.3,2,1,0
2,2019-05-01 00:10:11,2019-05-01 00:11:46,N,5,42,42,1,.22,10,0,0,3,0,,0,13,1,2,0
2,2019-05-01 00:20:51,2019-05-01 00:27:23,N,1,223,7,1,1.38,6.5,0.5,0.5,0,0,,0.3,7.8,2,1,0
1,2019-05-01 00:16:45,2019-05-01 00:20:03,N,1,7,7,1,.60,4.5,0.5,0.5,1,0,,0.3,6.8,1,1,0
2,2019-05-01 00:28:19,2019-05-01 00:34:18,N,1,127,244,1,2.74,9.5,0.5,0.5,0,0,,0.3,10.8,2,1,0
2,2019-06-01 00:25:27,2019-06-01 00:33:52,N,1,74,263,5,2.34,9,0.5,0.5,1,0,,0.3,14.05,1,1,2.75
2,2019-06-01 00:39:13,2019-06-01 00:46:38,N,1,75,74,5,.82,6.5,0.5,0.5,0,0,,0.3,7.8,1,1,0
2,2019-06-01 00:55:35,2019-06-01 01:00:29,N,1,75,74,5,1.20,6,0.5,0.5,0,0,,0.3,7.3,2,1,0
2,2019-06-01 00:54:50,2019-06-01 01:10:07,N,1,255,37,1,2.45,11.5,0.5,0.5,2.56,0,,0.3,15.36,1,1,0
1,2019-06-01 00:08:05,2019-06-01 00:15:45,N,1,41,116,1,1.70,7.5,0.5,0.5,1,0,,0.3,9.8,1,1,0
1,2019-06-01 00:18:54,2019-06-01 00:21:47,N,1,116,152,1,.60,4.5,0.5,0.5,0,0,,0.3,5.8,2,1,0
1,2019-06-01 00:27:02,2019-06-01 00:32:15,N,1,116,42,1,1.00,5.5,0.5,0.5,0,0,,0.3,6.8,2,1,0
1,2019-06-01 00:42:11,2019-06-01 00:51:19,N,1,41,238,2,1.90,8.5,3.25,0.5,2.51,0,,0.3,15.06,1,1,2.75
1,2019-06-01 00:59:50,2019-06-01 01:06:39,N,1,75,237,1,1.90,8,3.25,0.5,2,0,,0.3,14.05,1,1,2.75
2,2019-06-01 00:10:30,2019-06-01 00:40:25,N,1,97,100,1,7.36,27,0.5,0.5,0,0,,0.3,31.05,2,1,2.75
2,2019-05-31 17:14:03,2019-06-01 16:36:13,N,1,97,14,1,7.40,25,0.5,0.5,5.26,0,,0.3,31.56,1,1,0
2,2019-06-01 00:29:47,2019-06-01 00:40:35,N,1,74,262,5,2.73,10.5,0.5,0.5,0,0,,0.3,14.55,1,1,2.75
2,2019-06-01 00:03:08,2019-06-01 00:15:47,N,1,82,80,1,4.26,15.5,0.5,0.5,0,0,,0.3,16.8,2,1,0
2,2019-06-01 00:29:31,2019-06-01 00:40:58,N,1,82,95,1,2.87,11.5,0.5,0.5,2.56,0,,0.3,15.36,1,1,0
2,2019-06-01 00:10:45,2019-06-01 00:25:42,N,1,7,82,1,3.26,13,0.5,0.5,0,0,,0.3,14.3,2,1,0
2,2019-06-01 00:35:33,2019-06-01 00:43:07,N,1,82,226,1,1.18,7,0.5,0.5,0,0,,0.3,8.3,2,1,0
2,2019-06-01 00:34:17,2019-06-01 00:39:02,N,1,223,7,1,1.10,5.5,0.5,0.5,0,0,,0.3,6.8,2,1,0
2,2019-06-01 00:23:55,2019-06-01 00:37:03,N,1,97,33,1,1.56,9.5,0.5,0.5,0,0,,0.3,10.8,2,1,0
2,2019-06-01 00:39:44,2019-06-01 01:12:33,N,1,65,14,1,6.30,25.5,0.5,0.5,5.36,0,,0.3,32.16,1,1,0
1,2019-06-01 00:34:21,2019-06-01 00:38:13,N,1,119,42,1,.70,5,0.5,0.5,0,0,,0.3,6.3,4,1,0
2,2019-06-01 00:11:34,2019-06-01 00:22:26,N,1,129,56,1,1.94,9.5,0.5,0.5,0,0,,0.3,10.8,2,1,0
2,2019-06-01 00:30:27,2019-06-01 00:36:19,N,1,129,173,1,1.14,6,0.5,0.5,0,0,,0.3,7.3,2,1,0
2,2019-06-01 00:55:33,2019-06-01 01:04:21,N,1,129,129,1,1.18,7.5,0.5,0.5,0,0,,0.3,8.8,2,1,0
2,2019-06-01 00:52:41,2019-06-01 00:56:20,N,1,41,42,1,.99,5.5,0.5,0.5,0,0,,0.3,6.8,2,1,0
2,2019-06-01 01:15:40,2019-06-01 01:15:42,N,5,264,264,1,.00,8,0,0,2,0,,0,10,1,2,0
2,2019-06-01 00:12:03,2019-06-01 00:20:34,N,1,83,160,2,2.24,9,0.5,0.5,2.06,0,,0.3,12.36,1,1,0
2,2019-06-01 00:44:30,2019-06-01 00:51:56,N,1,82,70,2,2.68,10,0.5,0.5,0,0,,0.3,11.3,2,1,0
2,2019-06-01 00:30:56,2019-06-01 00:34:03,N,1,244,120,1,.29,3.5,0.5,0.5,0,0,,0.3,4.8,2,1,0
2,2019-06-01 00:05:12,2019-06-01 00:10:39,N,1,168,159,1,1.02,5.5,0.5,0.5,4,0,,0.3,10.8,1,1,0
2,2019-06-01 00:12:24,2019-06-01 00:17:36,N,1,82,160,1,1.25,6.5,0.5,0.5,0,0,,0.3,7.8,2,1,0
2,2019-06-01 00:21:59,2019-06-01 00:31:21,N,1,82,226,1,2.69,10.5,0.5,0.5,0,0,,0.3,11.8,2,1,0
1,2019-06-01 00:32:13,2019-06-01 00:54:52,N,1,65,89,1,4.20,17.5,0.5,0.5,2.82,0,,0.3,21.62,1,1,0
2,2019-06-01 00:09:32,2019-06-01 00:15:20,N,1,223,223,1,1.37,6.5,0.5,0.5,2.34,0,,0.3,10.14,1,1,0
2,2019-06-01 00:37:02,2019-06-01 00:43:39,N,1,66,54,1,1.58,7,0.5,0.5,1.66,0,,0.3,9.96,1,1,0
2,2019-06-01 00:08:15,2019-06-01 00:18:43,N,1,129,226,1,2.85,11,0.5,0.5,0,0,,0.3,12.3,2,1,0
2,2019-06-01 00:30:01,2019-06-01 00:39:59,N,1,7,8,1,1.56,8.5,0.5,0.5,0,0,,0.3,9.8,2,1,0
2,2019-06-01 00:46:31,2019-06-01 00:51:56,N,1,179,179,1,1.10,6,0.5,0.5,1.46,0,,0.3,8.76,1,1,0
1,2019-06-01 00:12:41,2019-06-01 00:18:51,N,1,82,82,1,1.00,6,0.5,0.5,0,0,,0.3,7.3,2,1,0
1,2019-06-01 00:45:41,2019-06-01 00:56:01,N,1,129,129,2,1.40,8.5,0.5,0.5,0,0,,0.3,9.8,2,1,0
2,2019-06-01 00:20:23,2019-06-01 00:25:04,N,1,134,134,3,1.21,6,0.5,0.5,0,0,,0.3,7.3,2,1,0
2,2019-06-01 00:44:54,2019-06-01 00:50:39,N,1,134,134,2,1.16,6,0.5,0.5,1.46,0,,0.3,8.76,1,1,0
2,2019-06-01 00:38:49,2019-06-01 00:51:36,N,1,130,38,1,4.22,14.5,0.5,0.5,3.16,0,,0.3,18.96,1,1,0
2,2019-06-01 00:07:48,2019-06-01 00:15:39,N,1,25,62,1,1.85,8.5,0.5,0.5,0,0,,0.3,9.8,1,1,0
2,2019-06-01 00:02:46,2019-06-01 00:05:35,N,1,80,80,5,.37,4,0.5,0.5,0,0,,0.3,5.3,2,1,0
2,2019-06-01 00:13:34,2019-06-01 00:25:45,N,1,83,196,1,2.45,11,0.5,0.5,0,0,,0.3,12.3,2,1,0
2,2019-06-01 00:38:01,2019-06-01 00:46:18,N,1,82,82,1,1.43,7.5,0.5,0.5,1.76,0,,0.3,10.56,1,1,0
2,2019-06-01 00:55:00,2019-06-01 01:04:37,N,1,33,189,1,1.58,8.5,0.5,0.5,0,0,,0.3,9.8,2,1,0
2,2019-06-01 00:11:45,2019-06-01 00:20:08,N,1,130,10,1,1.66,8,0.5,0.5,1.86,0,,0.3,11.16,1,1,0
2,2019-06-01 00:02:20,2019-06-01 00:19:16,N,1,82,193,1,6.40,20,0.5,0.5,4.26,0,,0.3,25.56,1,1,0
2,2019-06-01 00:44:03,2019-06-01 01:01:45,N,1,82,198,1,3.89,15.5,0.5,0.5,0,0,,0.3,16.8,2,1,0
2,2019-06-01 00:26:02,2019-06-01 00:38:07,N,1,66,211,1,2.78,11.5,0.5,0.5,3.11,0,,0.3,18.66,1,1,2.75
2,2019-06-01 00:56:27,2019-06-01 01:16:55,N,1,66,246,1,4.75,18,0.5,0.5,4.41,0,,0.3,26.46,1,1,2.75
2,2019-06-01 00:09:22,2019-06-01 00:13:08,N,1,41,42,1,.58,4.5,0.5,0.5,0,0,,0.3,5.8,1,1,0
2,2019-06-01 00:16:09,2019-06-01 00:27:13,N,1,152,239,1,2.32,10,0.5,0.5,4.22,0,,0.3,18.27,1,1,2.75
2,2019-07-01 00:00:48,2019-07-01 00:04:39,N,1,17,17,1,.58,4.5,0.5,0.5,0,0,,0.3,5.8,1,1,0
2,2019-07-01 00:23:36,2019-07-01 00:29:50,N,1,255,256,1,.95,6,0.5,0.5,1.46,0,,0.3,8.76,1,1,0
2,2019-07-01 00:09:48,2019-07-01 00:26:09,N,1,75,116,2,3.61,14.5,0.5,0.5,2,0,,0.3,17.8,1,1,0
2,2019-07-01 00:09:07,2019-07-01 00:23:41,N,1,17,89,1,3.59,13.5,0.5,0.5,0,0,,0.3,14.8,2,1,0
2,2019-07-01 00:50:45,2019-07-01 01:03:51,N,1,65,195,1,2.21,10.5,0.5,0.5,0,0,,0.3,11.8,2,1,0
2,2019-07-01 00:07:45,2019-07-01 00:12:50,N,1,74,41,1,1.22,6,0.5,0.5,1.46,0,,0.3,8.76,1,1,0
1,2019-07-01 00:58:30,2019-07-01 01:07:36,N,1,7,146,1,1.60,8,0.5,0.5,1.85,0,,0.3,11.15,1,1,0
1,2019-07-01 00:09:54,2019-07-01 00:21:19,N,1,92,82,1,2.50,10.5,0.5,0.5,0,0,,0.3,11.8,2,1,0
2,2019-07-01 00:17:00,2019-07-01 00:23:16,N,1,147,69,1,1.30,6.5,0.5,0.5,0,0,,0.3,7.8,2,1,0
2,2019-07-01 00:24:37,2019-07-01 00:27:39,N,1,69,42,1,.91,5,0.5,0.5,0,0,,0.3,6.3,2,1,0
1,2019-07-01 00:33:29,2019-07-01 00:49:49,N,1,130,102,1,6.00,19,0.5,0.5,0,0,,0.3,20.3,2,1,0
1,2019-07-01 00:23:50,2019-07-01 00:40:12,N,5,136,259,1,4.00,15,0,0,0,0,,0,15,4,2,0
2,2019-07-01 00:11:22,2019-07-01 00:16:58,N,1,42,41,1,1.08,6.5,0.5,0.5,0,0,,0.3,7.8,2,1,0
1,2019-07-01 00:20:09,2019-07-01 00:25:50,N,1,146,179,1,1.60,7,0.5,0.5,0,0,,0.3,8.3,1,1,0
1,2019-07-01 00:17:57,2019-07-01 00:31:57,N,1,255,198,1,3.40,12.5,0.5,0.5,1,0,,0.3,14.8,1,1,0
1,2019-07-01 00:43:29,2019-07-01 00:46:36,N,1,36,37,1,.70,4.5,0.5,0.5,1.7,0,,0.3,7.5,1,1,0
2,2019-07-01 00:44:46,2019-07-01 00:54:57,N,1,69,169,1,2.41,10,0.5,0.5,0,0,,0.3,11.3,2,1,0
2,2019-07-01 00:08:38,2019-07-01 00:11:55,N,1,181,181,1,.88,5,0.5,0.5,0,0,,0.3,6.3,2,1,0
2,2019-07-01 00:31:24,2019-07-01 00:39:40,N,1,49,65,1,1.46,7.5,0.5,0.5,0,0,,0.3,8.8,2,1,0
2,2019-07-01 00:48:06,2019-07-01 01:02:30,N,1,97,37,1,3.43,13,0.5,0.5,0,0,,0.3,14.3,2,1,0
2,2019-07-01 00:04:53,2019-07-01 00:20:15,N,1,147,247,1,2.30,11.5,0.5,0.5,0,0,,0.3,12.8,2,1,0
2,2019-07-01 00:48:18,2019-07-01 00:52:26,N,1,74,75,1,1.23,5.5,0.5,0.5,0,0,,0.3,6.8,2,1,0
1,2019-07-01 00:02:01,2019-07-01 00:02:38,N,1,166,166,1,.10,2.5,0.5,0.5,0,0,,0.3,3.8,2,1,0
2,2019-07-01 00:52:13,2019-07-01 00:55:57,N,1,82,56,1,.67,4.5,0.5,0.5,0,0,,0.3,5.8,2,1,0
2,2019-07-01 00:46:43,2019-07-01 00:51:15,N,1,82,260,1,.87,5,0.5,0.5,0,0,,0.3,6.3,1,1,0
2,2019-07-01 00:59:36,2019-07-01 01:11:13,N,1,82,129,1,1.44,9,0.5,0.5,2.06,0,,0.3,12.36,1,1,0
2,2019-07-01 00:10:14,2019-07-01 00:16:52,N,1,75,41,1,1.76,7.5,0.5,0.5,1.76,0,,0.3,10.56,1,1,0
2,2019-07-01 00:20:36,2019-07-01 00:24:42,N,1,41,116,1,1.19,6,0.5,0.5,0,0,,0.3,7.3,2,1,0
2,2019-07-01 00:35:06,2019-07-01 00:45:16,N,1,166,159,1,2.46,10,0.5,0.5,0,0,,0.3,11.3,2,1,0
2,2019-07-01 00:47:07,2019-07-01 00:49:34,N,1,83,83,1,.56,4,0.5,0.5,1.59,0,,0.3,6.89,1,1,0
2,2019-07-01 00:12:47,2019-07-01 00:40:06,N,1,255,127,1,12.62,36,0.5,0.5,8.01,0,,0.3,48.06,1,1,2.75
2,2019-07-01 00:47:33,2019-07-01 00:57:19,N,1,127,220,1,1.96,9.5,0.5,0.5,0,0,,0.3,10.8,2,1,0
1,2019-07-01 00:05:48,2019-07-01 00:14:42,N,1,82,129,1,1.00,7.5,0.5,0.5,1.75,0,,0.3,10.55,1,1,0
1,2019-07-01 00:26:47,2019-07-01 00:36:48,N,1,129,82,1,1.30,8.5,0.5,0.5,1,0,,0.3,10.8,1,1,0
2,2019-07-01 00:12:29,2019-07-01 00:21:18,N,1,260,255,1,4.18,13,0.5,0.5,2.86,0,,0.3,17.16,1,1,0
2,2019-07-01 00:47:38,2019-07-01 00:50:33,N,1,130,215,1,1.06,5,0.5,0.5,1.58,0,,0.3,7.88,1,1,0
2,2019-07-01 00:33:30,2019-07-01 00:39:53,N,1,82,129,1,.87,6,0.5,0.5,1.46,0,,0.3,8.76,1,1,0
2,2019-07-01 00:22:08,2019-07-01 00:40:13,N,1,49,36,1,3.85,15,0.5,0.5,3.26,0,,0.3,19.56,1,1,0
2,2019-07-01 00:56:44,2019-07-02 00:40:13,N,1,49,49,1,1.19,5.5,0.5,0.5,0,0,,0.3,6.8,2,1,0
2,2019-07-01 00:12:25,2019-07-01 00:39:09,N,1,130,148,1,14.18,39.5,0.5,0.5,5,6.12,,0.3,54.67,1,1,2.75
2,2019-07-01 00:32:51,2019-07-01 00:36:57,N,1,82,56,1,.75,5,0.5,0.5,1,0,,0.3,7.3,1,1,0
2,2019-07-01 00:57:31,2019-07-01 01:01:24,N,1,129,129,1,.80,5,0.5,0.5,0,0,,0.3,6.3,2,1,0
2,2019-07-01 00:02:49,2019-07-01 00:12:09,N,1,92,173,1,2.02,9,0.5,0.5,0,0,,0.3,10.3,2,1,0
2,2019-07-01 00:47:50,2019-07-01 01:10:36,N,1,92,164,1,11.38,33,0.5,0.5,0,6.12,,0.3,43.17,2,1,2.75
2,2019-07-01 00:20:15,2019-07-01 00:32:33,N,1,195,54,1,1.84,10,0.5,0.5,0,0,,0.3,11.3,2,1,0
2,2019-07-01 00:39:21,2019-07-01 00:53:02,N,1,25,228,1,5.37,17.5,0.5,0.5,0,0,,0.3,18.8,2,1,0
2,2019-07-01 00:08:46,2019-07-01 00:16:13,N,1,112,80,1,1.46,7,0.5,0.5,2.08,0,,0.3,10.38,1,1,0
2,2019-07-01 00:31:58,2019-07-02 00:16:13,N,5,80,80,1,.00,11,0,0,1.1,0,,0,12.1,1,2,0
2,2019-07-01 00:42:09,2019-07-01 01:10:43,N,1,255,61,1,3.59,20.5,0.5,0.5,4.36,0,,0.3,26.16,1,1,0
2,2019-07-01 00:49:42,2019-07-01 00:54:48,N,1,212,213,1,1.14,6,0.5,0.5,1.46,0,,0.3,8.76,1,1,0
2,2019-07-01 00:10:29,2019-07-01 00:16:57,N,1,7,226,1,1.37,6.5,0.5,0.5,0,0,,0.3,7.8,2,1,0
2,2019-07-01 00:35:06,2019-07-01 00:43:52,N,1,7,226,1,1.83,8.5,0.5,0.5,0,0,,0.3,9.8,2,1,0
2,2019-07-01 00:13:33,2019-07-01 00:20:24,N,1,198,95,1,2.00,8.5,0.5,0.5,0,0,,0.3,9.8,2,1,0
2,2019-07-01 00:41:00,2019-07-01 00:43:40,N,1,130,215,1,.62,4,0.5,0.5,1.06,0,,0.3,6.36,1,1,0
2,2019-07-01 00:51:00,2019-07-02 00:43:40,N,1,130,180,1,3.54,13,0.5,0.5,0,0,,0.3,14.3,1,1,0
2,2019-08-01 00:22:12,2019-08-01 00:22:38,N,1,145,145,1,.00,2.5,0,0.5,0,0,,0.3,3.3,2,1,0
2,2019-08-01 00:11:35,2019-08-01 00:25:53,N,1,66,49,5,2.55,11.5,0.5,0.5,2.56,0,,0.3,15.36,1,1,0
2,2019-08-01 00:56:09,2019-08-01 01:12:02,N,1,65,68,1,4.33,15.5,0.5,0.5,2,0,,0.3,21.55,1,1,2.75
2,2019-07-31 23:59:42,2019-08-01 00:11:44,N,1,25,133,1,3.85,13,0.5,0.5,2,0,,0.3,16.3,1,1,0
1,2019-08-01 00:20:34,2019-08-01 00:28:44,N,1,75,263,1,1.30,7.5,3.25,0.5,1,0,,0.3,12.55,1,1,2.75
2,2019-08-01 00:29:16,2019-08-01 00:46:21,N,1,65,198,1,5.25,17.5,0.5,0.5,2,0,,0.3,20.8,1,1,0
2,2019-08-01 00:10:14,2019-08-01 00:24:29,N,1,146,75,1,4.83,15.5,0.5,0.5,0,0,,0.3,19.55,2,1,2.75
2,2019-08-01 00:10:23,2019-08-01 00:13:37,N,1,166,41,1,.85,5,0.5,0.5,0,0,,0.3,6.3,2,1,0
1,2019-08-01 00:03:44,2019-08-01 00:07:14,N,1,7,226,1,.80,5,0.5,0.5,1.26,0,,0.3,7.56,1,1,0
1,2019-08-01 00:15:27,2019-08-01 00:24:37,N,1,7,226,1,1.60,8.5,0.5,0.5,0,0,,0.3,9.8,2,1,0
2,2019-08-01 00:47:27,2019-08-01 01:00:23,N,1,145,83,1,2.92,11.5,0.5,0.5,0,0,,0.3,12.8,2,1,0
2,2019-08-01 00:20:36,2019-08-01 00:22:51,N,1,92,92,1,.43,3.5,0.5,0.5,0,0,,0.3,4.8,2,1,0
2,2019-08-01 00:18:42,2019-08-01 00:24:35,N,1,106,181,5,1.00,6,0.5,0.5,1.46,0,,0.3,8.76,1,1,0
1,2019-08-01 00:41:32,2019-08-01 00:55:43,N,5,42,167,1,2.50,0,0,0,0,0,,0,0,4,2,0
2,2019-08-01 00:10:00,2019-08-01 00:28:34,N,1,42,48,1,4.86,17.5,0.5,0.5,0,0,,0.3,21.55,2,1,2.75
2,2019-08-01 00:24:52,2019-08-01 00:47:17,N,1,41,107,1,5.62,19.5,0.5,0.5,0,0,,0.3,23.55,2,1,2.75
1,2019-08-01 00:13:05,2019-08-01 00:20:29,N,1,179,193,2,1.50,7.5,0.5,0.5,0,0,,0.3,8.8,2,1,0
1,2019-08-01 00:41:16,2019-08-01 00:41:32,N,1,41,41,1,.10,2.5,0.5,0.5,0,0,,0.3,3.8,2,1,0
1,2019-08-01 00:45:54,2019-08-01 00:48:31,N,1,74,75,1,.90,4.5,0.5,0.5,0,0,,0.3,5.8,1,1,0
2,2019-08-01 00:54:48,2019-08-01 01:06:55,N,1,52,62,1,2.94,11.5,0.5,0.5,2.56,0,,0.3,15.36,1,1,0
2,2019-08-01 00:11:58,2019-08-01 00:20:50,N,1,83,160,1,2.16,8.5,0.5,0.5,1.96,0,,0.3,11.76,1,1,0
2,2019-08-01 00:26:50,2019-08-01 00:33:00,N,1,7,179,1,1.05,6,0.5,0.5,2,0,,0.3,9.3,1,1,0
2,2019-08-01 00:32:16,2019-08-01 00:40:30,N,1,42,41,1,1.83,8.5,0.5,0.5,0,0,,0.3,9.8,2,1,0
2,2019-08-01 00:55:42,2019-08-01 01:03:15,N,1,42,75,1,1.87,8,0.5,0.5,0,0,,0.3,9.3,2,1,0
1,2019-08-01 00:23:50,2019-08-01 00:29:53,N,1,82,82,1,.60,5.5,0.5,0.5,0,0,,0.3,6.8,2,1,0
2,2019-08-01 00:06:36,2019-08-01 00:23:07,N,1,134,51,2,13.79,37,0.5,0.5,2,6.12,,0.3,46.42,1,1,0
2,2019-08-01 00:13:58,2019-08-01 00:18:52,N,1,260,226,1,.80,5.5,0.5,0.5,1.36,0,,0.3,8.16,1,1,0
2,2019-08-01 00:56:43,2019-08-01 01:09:10,N,1,129,7,1,2.50,11,0.5,0.5,0,0,,0.3,12.3,2,1,0
2,2019-08-01 00:06:57,2019-08-01 00:13:30,N,1,82,82,1,1.28,6.5,0.5,0.5,0,0,,0.3,7.8,2,1,0
2,2019-08-01 00:43:37,2019-08-01 00:58:16,N,1,255,17,1,2.77,12,0.5,0.5,2.66,0,,0.3,15.96,1,1,0
2,2019-08-01 00:51:40,2019-08-01 00:51:45,N,5,173,173,2,.00,10,0,0,19.02,0,,0,29.02,1,2,0
2,2019-08-01 00:04:56,2019-08-01 00:25:47,N,1,36,114,1,5.14,19,0.5,0.5,4.61,0,,0.3,27.66,1,1,2.75
2,2019-08-01 00:43:28,2019-08-01 00:53:38,N,1,255,144,1,3.03,11.5,0.5,0.5,3.89,0,,0.3,19.44,1,1,2.75
1,2019-08-01 00:21:19,2019-08-01 00:51:06,N,1,166,79,1,8.10,27.5,3.25,0.5,0,0,,0.3,31.55,4,1,2.75
2,2019-08-01 00:19:55,2019-08-01 00:24:28,N,1,7,223,1,1.08,5.5,0.5,0.5,1.36,0,,0.3,8.16,1,1,0
2,2019-08-01 00:51:14,2019-08-01 00:56:23,N,1,36,198,6,.88,5.5,0.5,0.5,0,0,,0.3,6.8,2,1,0
2,2019-08-01 00:09:15,2019-08-01 00:22:28,N,1,116,69,1,2.29,11,0.5,0.5,0,0,,0.3,12.3,2,1,0
2,2019-08-01 00:40:40,2019-08-01 00:58:32,N,1,42,48,1,7.17,22.5,0.5,0.5,0,0,,0.3,26.55,2,1,2.75
2,2019-08-01 00:17:45,2019-08-01 00:22:56,N,1,25,106,4,1.07,6,0.5,0.5,1.46,0,,0.3,8.76,1,1,0
2,2019-08-01 00:03:09,2019-08-01 00:22:47,N,1,255,181,1,7.01,22.5,0.5,0.5,5.95,0,,0.3,29.75,1,1,0
2,2019-08-01 00:29:06,2019-08-01 00:35:38,N,1,82,56,1,.81,5.5,0.5,0.5,1.7,0,,0.3,8.5,1,1,0
2,2019-08-01 00:21:55,2019-08-01 00:27:47,N,1,244,243,2,.98,6,0.5,0.5,0,0,,0.3,7.3,2,1,0
2,2019-08-01 00:42:03,2019-08-01 00:49:34,N,1,247,159,1,1.56,7.5,0.5,0.5,0,0,,0.3,8.8,2,1,0
2,2019-08-01 00:11:31,2019-08-01 00:15:11,N,1,74,41,1,.42,4.5,0.5,0.5,0,0,,0.3,5.8,2,1,0
2,2019-08-01 00:19:25,2019-08-01 00:27:47,N,1,41,42,1,1.69,8.5,0.5,0.5,0,0,,0.3,9.8,2,1,0
2,2019-08-01 00:02:54,2019-08-01 00:14:12,N,1,42,263,1,3.54,13,0.5,0.5,2,0,,0.3,19.05,1,1,2.75
2,2019-08-01 00:29:29,2019-08-01 00:41:34,N,1,74,235,1,4.64,16,0.5,0.5,0,0,,0.3,17.3,2,1,0
2,2019-08-01 00:40:19,2019-08-01 01:05:44,N,5,129,129,1,3.74,10,0,0,0,0,,0,10,2,2,0
2,2019-08-01 00:41:25,2019-08-01 00:44:12,N,1,41,42,1,.74,4.5,0.5,0.5,0,0,,0.3,5.8,2,1,0
2,2019-08-01 00:28:19,2019-08-01 00:33:53,N,1,223,223,1,1.46,6.5,0.5,0.5,1.56,0,,0.3,9.36,1,1,0
2,2019-08-01 00:14:19,2019-08-01 00:17:17,N,1,152,116,1,.88,4.5,0.5,0.5,0,0,,0.3,5.8,2,1,0
2,2019-08-01 00:22:54,2019-08-01 00:26:46,N,1,42,41,1,.98,5.5,0.5,0.5,0,0,,0.3,6.8,1,1,0
2,2019-08-01 00:41:28,2019-08-01 00:44:57,N,1,95,135,1,1.21,5.5,0.5,0.5,1.36,0,,0.3,8.16,1,1,0
2,2019-08-01 00:00:33,2019-08-01 00:06:37,N,1,75,262,2,1.23,6.5,0.5,0.5,3.16,0,,0.3,13.71,1,1,2.75
2,2019-09-01 00:10:53,2019-09-01 00:23:46,N,1,65,189,5,2.00,10.5,0.5,0.5,2.36,0,,0.3,14.16,1,1,0
2,2019-09-01 00:31:22,2019-09-01 00:44:37,N,1,97,225,5,3.20,12,0.5,0.5,0,0,,0.3,13.3,2,1,0
2,2019-09-01 00:50:24,2019-09-01 01:03:20,N,1,37,61,5,2.99,12,0.5,0.5,0,0,,0.3,13.3,2,1,0
2,2019-09-01 00:27:06,2019-09-01 00:33:22,N,1,145,112,1,1.73,7.5,0.5,0.5,1.5,0,,0.3,10.3,1,1,0
2,2019-09-01 00:43:23,2019-09-01 00:59:54,N,1,112,198,1,3.42,14,0.5,0.5,3.06,0,,0.3,18.36,1,1,0
2,2019-09-01 00:55:37,2019-09-01 01:17:02,N,1,7,41,1,6.26,21,0.5,0.5,0,6.12,,0.3,28.42,2,1,0
2,2019-09-01 00:28:55,2019-09-01 00:52:09,N,1,33,37,1,4.34,18,0.5,0.5,3.86,0,,0.3,23.16,1,1,0
1,2019-09-01 00:03:13,2019-09-01 00:03:32,N,1,55,55,1,1.20,2.5,0.5,0.5,0,0,,0.3,3.8,3,1,0
1,2019-09-01 00:15:28,2019-09-01 00:43:22,N,1,55,89,1,.00,22.2,0,0.5,0,0,,0.3,23,1,1,0
2,2019-09-01 00:29:16,2019-09-01 00:30:15,N,1,17,17,1,.14,2.5,0.5,0.5,0,0,,0.3,3.8,2,1,0
1,2019-09-01 00:01:43,2019-09-01 00:13:13,N,1,129,7,1,1.90,9.5,0.5,0.5,0,0,,0.3,10.8,2,1,0
1,2019-09-01 00:29:57,2019-09-01 00:57:26,N,1,179,215,1,.00,30.2,0,0.5,0,0,,0.3,31,1,1,0
2,2019-09-01 00:19:22,2019-09-01 00:46:01,N,1,129,171,5,6.08,22,0.5,0.5,0,0,,0.3,23.3,2,1,0
2,2019-09-01 00:39:37,2019-09-01 00:48:50,N,1,129,129,1,.86,7,0.5,0.5,0,0,,0.3,8.3,2,1,0
2,2019-09-01 00:13:37,2019-09-01 00:26:46,N,1,74,163,1,3.59,13,0.5,0.5,5.12,0,,0.3,22.17,1,1,2.75
1,2019-09-01 00:35:43,2019-09-01 00:47:21,N,1,7,83,1,2.10,9.5,1,0.5,1.7,0,,0.3,13,1,1,0
2,2019-09-01 00:24:20,2019-09-01 00:32:35,N,1,42,116,1,.86,6.5,0.5,0.5,0,0,,0.3,7.8,2,1,0
2,2019-09-01 00:45:46,2019-09-01 00:54:31,N,1,92,70,1,2.59,10,0.5,0.5,0,0,,0.3,11.3,2,1,0
2,2019-09-01 00:04:52,2019-09-01 00:26:44,N,1,83,202,1,3.92,16.5,0.5,0.5,0,0,,0.3,17.8,2,1,0
2,2019-09-01 00:13:57,2019-09-01 00:34:04,N,1,223,137,1,5.05,18.5,0.5,0.5,0,0,,0.3,22.55,2,1,2.75
2,2019-09-01 00:58:19,2019-09-01 01:07:00,N,1,7,179,1,1.43,8,0.5,0.5,0,0,,0.3,9.3,2,1,0
1,2019-09-01 00:07:27,2019-09-01 00:20:34,N,1,97,148,1,2.80,12.5,3.25,0.5,0,0,,0.3,16.55,2,1,2.75
1,2019-09-01 00:30:59,2019-09-01 00:39:20,N,1,130,28,1,1.90,8,0.5,0.5,1.85,0,,0.3,11.15,1,1,0
1,2019-09-01 00:56:55,2019-09-01 01:09:41,Y,1,130,219,1,3.00,12,0.5,0.5,0,0,,0.3,13.3,2,1,0
2,2019-09-01 01:00:25,2019-09-01 01:12:10,N,1,74,42,1,2.28,10,0.5,0.5,2.26,0,,0.3,13.56,1,1,0
2,2019-09-01 00:01:57,2019-09-01 00:48:20,N,1,61,49,1,5.14,29.5,0.5,0.5,0,0,,0.3,30.8,2,1,0
2,2019-09-01 00:07:09,2019-09-01 00:16:13,N,1,74,41,1,1.35,7.5,0.5,0.5,2.2,0,,0.3,11,1,1,0
2,2019-09-01 00:33:08,2019-09-01 00:45:42,N,1,74,263,1,2.07,10.5,0.5,0.5,2.91,0,,0.3,17.46,1,1,2.75
1,2019-09-01 00:18:46,2019-09-01 00:39:09,N,1,129,171,2,6.60,20.5,0.5,0.5,0,0,,0.3,21.8,2,1,0
2,2019-09-01 00:01:54,2019-09-01 00:12:47,N,1,75,162,1,3.18,11.5,0.5,0.5,3.11,0,,0.3,18.66,1,1,2.75
2,2019-09-01 00:41:15,2019-09-01 01:16:29,N,1,74,67,1,16.54,48,0.5,0.5,10.41,0,,0.3,62.46,1,1,2.75
1,2019-09-01 00:15:33,2019-09-01 00:17:34,N,1,41,41,1,.40,3.5,0.5,0.5,0,0,,0.3,4.8,2,1,0
2,2019-09-01 00:23:29,2019-09-01 00:38:00,N,1,93,134,1,4.84,16,0.5,0.5,0,0,,0.3,17.3,2,1,0
2,2019-09-01 00:05:14,2019-09-01 00:27:03,N,1,93,226,1,8.91,28,0.5,0.5,7.32,0,,0.3,36.62,1,1,0
2,2019-09-01 00:12:32,2019-09-01 00:38:24,N,1,80,188,3,5.22,21.5,0.5,0.5,5.7,0,,0.3,28.5,1,1,0
1,2019-09-01 00:10:38,2019-09-01 00:21:42,N,1,65,181,1,1.40,9,0.5,0.5,2.05,0,,0.3,12.35,1,1,0
1,2019-09-01 00:48:04,2019-09-01 01:01:37,N,1,97,256,1,3.10,12,0.5,0.5,2,0,,0.3,15.3,1,1,0
2,2019-09-01 00:38:13,2019-09-01 01:05:42,N,1,223,189,1,9.57,30.5,0.5,0.5,6.36,0,,0.3,38.16,1,1,0
2,2019-09-01 00:11:38,2019-09-01 00:12:42,N,1,136,136,1,.13,3,0.5,0.5,0,0,,0.3,4.3,2,1,0
2,2019-08-31 23:03:09,2019-08-31 23:10:46,N,1,255,256,1,1.04,7,0.5,0.5,0,0,,0.3,8.3,2,1,0
2,2019-08-31 23:12:04,2019-09-01 22:30:13,N,1,256,36,1,2.57,13.5,0.5,0.5,0,0,,0.3,14.8,2,1,0
2,2019-09-01 00:18:05,2019-09-01 00:38:05,N,1,74,229,1,4.37,17.5,0.5,0.5,4.31,0,,0.3,25.86,1,1,2.75
2,2019-09-01 00:23:39,2019-09-01 00:27:58,N,1,74,75,1,1.02,5.5,0.5,0.5,1.36,0,,0.3,8.16,1,1,0
2,2019-09-01 00:49:05,2019-09-01 01:01:29,N,1,74,164,1,4.73,14.5,0.5,0.5,1,0,,0.3,19.55,1,1,2.75
2,2019-09-01 00:15:10,2019-09-01 00:18:22,N,1,7,7,1,.52,4,0.5,0.5,0,0,,0.3,5.3,2,1,0
2,2019-09-01 00:21:37,2019-09-01 00:33:31,N,1,7,226,1,1.85,10,0.5,0.5,0,0,,0.3,11.3,2,1,0
2,2019-09-01 00:43:39,2019-09-01 00:54:42,N,1,7,226,1,1.94,9.5,0.5,0.5,0,0,,0.3,10.8,2,1,0
1,2019-09-01 00:11:04,2019-09-01 00:14:57,N,1,166,166,1,.90,5,0.5,0.5,1.25,0,,0.3,7.55,1,1,0
1,2019-09-01 00:17:01,2019-09-01 00:28:33,N,1,166,127,1,4.90,16,0.5,0.5,0,0,,0.3,17.3,2,1,0
2,2019-09-01 00:43:10,2019-09-01 00:51:07,N,1,80,80,5,1.53,7.5,0.5,0.5,0,0,,0.3,8.8,2,1,0
2,2019-09-01 00:33:03,2019-09-01 00:39:11,N,1,82,157,1,1.14,6.5,0.5,0.5,0,0,,0.3,7.8,2,1,0
2,2019-09-01 00:08:10,2019-09-01 00:18:03,N,1,116,243,1,4.50,14,0.5,0.5,0,0,,0.3,15.3,2,1,0
2,2019-09-01 00:57:09,2019-09-01 01:00:35,N,1,40,65,1,.75,4.5,0.5,0.5,0,0,,0.3,5.8,2,1,0
2,2019-09-01 00:45:13,2019-09-01 01:03:46,N,1,25,71,1,3.54,15.5,0.5,0.5,4.2,0,,0.3,21,1,1,0
2,2019-09-01 00:12:44,2019-09-01 00:25:57,N,1,168,262,1,3.35,13,0.5,0.5,3.41,0,,0.3,20.46,1,1,2.75
2,2019-10-01 00:26:02,2019-10-01 00:39:58,N,1,112,196,1,5.88,18,0.5,0.5,0,0,,0.3,19.3,2,1,0
1,2019-10-01 00:18:11,2019-10-01 00:22:38,N,1,43,263,1,.80,5,3.25,0.5,0,0,,0.3,9.05,2,1,0
1,2019-10-01 00:09:31,2019-10-01 00:24:47,N,1,255,228,2,7.50,21.5,0.5,0.5,0,0,,0.3,22.8,2,1,0
1,2019-10-01 00:37:40,2019-10-01 00:41:49,N,1,181,181,1,.90,5.5,0.5,0.5,0,0,,0.3,6.8,2,1,0
2,2019-10-01 00:08:13,2019-10-01 00:17:56,N,1,97,188,1,2.52,10,0.5,0.5,2.26,0,,0.3,13.56,1,1,0
2,2019-10-01 00:35:01,2019-10-01 00:43:40,N,1,65,49,1,1.47,8,0.5,0.5,1.86,0,,0.3,11.16,1,1,0
1,2019-10-01 00:28:09,2019-10-01 00:30:49,N,1,7,179,1,.60,4,0.5,0.5,1,0,,0.3,6.3,1,1,0
2,2019-10-01 00:28:26,2019-10-01 00:32:01,N,1,41,74,1,.56,4.5,0.5,0.5,0,0,,0.3,5.8,2,1,0
2,2019-10-01 00:14:01,2019-10-01 00:26:16,N,1,255,49,1,2.42,10.5,0.5,0.5,0,0,,0.3,11.8,2,1,0
1,2019-10-01 00:03:03,2019-10-01 00:17:13,Y,1,130,131,1,3.40,13,0.5,0.5,2.85,0,,0.3,17.15,1,1,0
2,2019-10-01 00:07:10,2019-10-01 00:23:38,N,1,24,74,3,3.18,13.5,0.5,0.5,0,0,,0.3,14.8,2,1,0
1,2019-10-01 00:25:48,2019-10-01 00:49:52,N,1,255,188,1,4.70,18,0.5,0.5,1,0,,0.3,20.3,1,1,0
1,2019-10-01 00:03:12,2019-10-01 00:14:43,N,1,129,160,1,3.10,10.5,0.5,0.5,0,0,,0.3,11.8,2,1,0
2,2019-10-01 00:44:56,2019-10-01 00:51:06,N,5,18,169,1,1.19,10,0,0,0.25,0,,0,10.25,1,2,0
2,2019-10-01 00:55:14,2019-10-01 01:00:49,N,1,223,7,1,1.09,6,0.5,0.5,1.46,0,,0.3,8.76,1,1,0
2,2019-10-01 00:06:06,2019-10-01 00:11:05,N,1,75,262,1,1.24,6,0.5,0.5,2.01,0,,0.3,12.06,1,1,2.75
2,2019-10-01 00:00:19,2019-10-01 00:14:32,N,1,97,228,1,3.03,13,0.5,0.5,3.58,0,,0.3,17.88,1,1,0
2,2019-10-01 00:09:31,2019-10-01 00:20:41,N,1,41,74,1,2.03,9.5,0.5,0.5,2.16,0,,0.3,12.96,1,1,0
2,2019-10-01 00:30:36,2019-10-01 00:34:30,N,1,41,42,1,.73,5,0.5,0.5,1.26,0,,0.3,7.56,1,1,0
2,2019-10-01 00:58:32,2019-10-01 01:05:08,N,1,41,116,1,1.48,7.5,0.5,0.5,0,0,,0.3,8.8,2,1,0
2,2019-10-01 00:11:58,2019-10-01 00:16:21,N,1,134,134,2,.89,5.5,0.5,0.5,1.36,0,,0.3,8.16,1,1,0
2,2019-10-01 00:42:27,2019-10-01 01:04:30,N,1,260,92,1,4.21,16.5,0.5,0.5,0,0,,0.3,17.8,2,1,0
2,2019-10-01 00:03:38,2019-10-01 00:12:43,N,1,83,56,1,1.64,8,0.5,0.5,0,0,,0.3,9.3,2,1,0
2,2019-10-01 00:12:30,2019-10-01 00:27:16,N,1,181,89,1,3.60,13.5,0.5,0.5,0.74,0,,0.3,15.54,1,1,0
2,2019-10-01 00:44:27,2019-10-01 00:54:27,N,1,181,188,1,2.44,10,0.5,0.5,0,0,,0.3,11.3,2,1,0
2,2019-10-01 00:04:40,2019-10-01 00:10:02,N,1,226,226,1,1.58,6.5,0.5,0.5,1.56,0,,0.3,9.36,1,1,0
2,2019-10-01 00:22:41,2019-10-01 00:31:53,N,1,33,80,1,4.46,14.5,0.5,0.5,0,0,,0.3,15.8,2,1,0
2,2019-10-01 00:38:00,2019-10-01 00:45:50,N,1,256,37,1,1.81,8,0.5,0.5,0,0,,0.3,9.3,2,1,0
2,2019-10-01 00:54:35,2019-10-01 01:01:39,N,1,80,148,1,2.33,9,0.5,0.5,1.96,0,,0.3,15.01,1,1,2.75
2,2019-10-01 00:55:48,2019-10-01 01:00:45,N,1,223,7,5,.82,5.5,0.5,0.5,1.36,0,,0.3,8.16,1,1,0
2,2019-10-01 00:52:36,2019-10-01 00:52:42,N,5,92,92,1,.00,15,0,0,0,0,,0,15,2,2,0
2,2019-10-01 00:20:56,2019-10-01 00:27:52,N,1,129,83,1,1.49,7,0.5,0.5,0,0,,0.3,8.3,2,1,0
2,2019-10-01 00:37:54,2019-10-01 00:50:51,N,1,130,205,1,3.60,13,0.5,0.5,0,0,,0.3,14.3,2,1,0
2,2019-10-01 00:42:34,2019-10-01 00:45:23,N,1,179,223,1,.53,4,0.5,0.5,1.06,0,,0.3,6.36,1,1,0
2,2019-10-01 00:57:00,2019-10-01 00:59:27,N,1,7,7,1,.53,3.5,0.5,0.5,0,0,,0.3,4.8,2,1,0
2,2019-10-01 00:25:33,2019-10-01 00:38:57,N,1,166,41,1,1.72,10,0.5,0.5,3.39,0,,0.3,14.69,1,1,0
2,2019-10-01 00:45:56,2019-10-01 00:59:41,N,1,41,166,1,5.30,17,0.5,0.5,0,0,,0.3,18.3,2,1,0
2,2019-10-01 00:12:29,2019-10-01 00:28:42,N,1,244,166,1,3.07,13.5,0.5,0.5,4.44,0,,0.3,19.24,1,1,0
2,2019-10-01 00:58:09,2019-10-01 01:13:43,N,1,47,168,1,5.89,19,0.5,0.5,0,0,,0.3,20.3,2,1,0
2,2019-10-01 00:06:09,2019-10-01 00:15:59,N,1,25,188,1,1.86,9,0.5,0.5,1.03,0,,0.3,11.33,1,1,0
2,2019-10-01 00:54:17,2019-10-01 01:17:54,N,1,25,75,1,10.30,30.5,0.5,0.5,6.91,0,,0.3,41.46,1,1,2.75
2,2019-10-01 00:22:21,2019-10-01 00:34:36,N,1,244,239,1,5.10,16,0.5,0.5,2,0,,0.3,22.05,1,1,2.75
2,2019-10-01 00:04:20,2019-10-01 00:15:24,N,1,82,226,1,2.36,11,0.5,0.5,0,0,,0.3,12.3,2,1,0
2,2019-10-01 00:15:36,2019-10-01 00:30:16,N,1,66,189,1,2.54,12,0.5,0.5,2,0,,0.3,15.3,1,1,0
2,2019-10-01 00:35:23,2019-10-01 01:08:45,N,1,22,37,2,9.09,30,0.5,0.5,0,0,,0.3,31.3,1,1,0
2,2019-10-01 00:45:33,2019-10-01 00:54:43,N,1,95,197,1,2.47,9.5,0.5,0.5,0,0,,0.3,10.8,2,1,0
2,2019-10-01 00:01:36,2019-10-01 00:11:58,N,1,69,136,1,2.48,10,0.5,0.5,0,0,,0.3,11.3,1,1,0
1,2019-10-01 00:31:10,2019-10-01 00:40:02,N,1,129,129,1,1.40,8,0.5,0.5,0,0,,0.3,9.3,2,1,0
2,2019-10-01 00:15:48,2019-10-01 00:29:03,N,1,42,233,1,6.13,19,0.5,0.5,4,0,,0.3,27.05,1,1,2.75
2,2019-10-01 00:42:36,2019-10-01 00:43:02,N,1,74,74,1,.00,2.5,0.5,0.5,35,0,,0.3,38.8,1,1,0
2,2019-10-01 00:29:21,2019-10-01 00:36:35,N,1,82,157,1,1.45,7,0.5,0.5,2.49,0,,0.3,10.79,1,1,0
2,2019-10-01 00:49:41,2019-10-01 01:14:27,N,1,129,130,1,9.94,31,0.5,0.5,0,0,,0.3,32.3,2,1,0
2,2019-10-01 00:44:50,2019-10-01 00:49:05,N,1,75,75,1,.93,5,0.5,0.5,1.26,0,,0.3,7.56,1,1,0
2,2019-10-01 00:55:39,2019-10-01 01:18:38,N,1,75,231,1,8.26,25.5,0.5,0.5,7.39,0,,0.3,36.94,1,1,2.75
2,2019-11-01 00:11:24,2019-11-01 00:23:12,N,1,66,148,1,2.80,11.5,0.5,0.5,3.11,0,,0.3,18.66,1,1,2.75
2,2019-11-01 00:49:25,2019-11-01 01:14:19,N,1,145,114,1,5.59,20,0.5,0.5,6.03,6.12,,0.3,36.2,1,1,2.75
1,2019-11-01 00:57:22,2019-11-01 01:09:23,N,1,255,37,1,2.10,10,0.5,0.5,2.25,0,,0.3,13.55,1,1,0
2,2019-11-01 00:59:52,2019-11-01 01:08:19,N,1,7,226,1,1.23,7.5,0.5,0.5,0,0,,0.3,8.8,2,1,0
2,2019-11-01 00:40:13,2019-11-01 00:47:41,N,1,129,129,1,1.18,7,0.5,0.5,0,0,,0.3,8.3,2,1,0
2,2019-11-01 00:42:30,2019-11-01 00:50:41,N,1,7,223,1,2.34,9,0.5,0.5,0,0,,0.3,10.3,2,1,0
2,2019-11-01 00:58:20,2019-11-01 01:02:01,N,1,223,7,1,.96,5,0.5,0.5,0,0,,0.3,6.3,2,1,0
2,2019-11-01 00:09:35,2019-11-01 00:28:55,N,1,49,113,1,5.01,17.5,0.5,0.5,0,0,,0.3,21.55,2,1,2.75
2,2019-11-01 00:27:50,2019-11-01 00:35:45,N,1,166,43,1,2.06,8.5,0.5,0.5,0.49,0,,0.3,10.29,1,1,0
2,2019-11-01 00:57:28,2019-11-01 01:04:16,N,1,42,116,1,1.57,7,0.5,0.5,0,0,,0.3,8.3,2,1,0
2,2019-11-01 00:16:53,2019-11-01 00:23:33,N,1,116,244,3,1.50,7.5,0.5,0.5,1,0,,0.3,9.8,1,1,0
1,2019-11-01 00:42:25,2019-11-01 00:59:59,N,1,82,16,1,8.40,24.5,0.5,0.5,0,0,,0.3,25.8,2,1,0
1,2019-11-01 00:13:55,2019-11-01 00:20:51,N,1,42,41,1,1.20,7,0.5,0.5,0,0,,0.3,8.3,2,1,0
1,2019-11-01 00:34:44,2019-11-01 00:37:39,N,1,42,41,1,.60,4.5,0.5,0.5,0,0,,0.3,5.8,2,1,0
1,2019-11-01 00:42:17,2019-11-01 00:52:48,N,1,41,244,1,2.20,10,0.5,0.5,0,0,,0.3,11.3,2,1,0
2,2019-11-01 00:06:54,2019-11-01 00:10:55,N,1,129,129,1,.84,5,0.5,0.5,0,0,,0.3,6.3,2,1,0
2,2019-11-01 00:25:36,2019-11-01 00:39:50,N,1,83,173,1,2.21,10.5,0.5,0.5,0,0,,0.3,11.8,1,1,0
1,2019-11-01 00:20:56,2019-11-01 00:30:15,N,1,256,148,1,2.50,10,3.25,0.5,0,0,,0.3,14.05,2,1,2.75
1,2019-11-01 00:19:27,2019-11-01 00:26:08,N,1,65,181,1,1.10,6.5,0.5,0.5,1.95,0,,0.3,9.75,1,1,0
1,2019-11-01 00:38:06,2019-11-01 00:43:31,N,1,97,49,1,1.30,6,0.5,0.5,1.45,0,,0.3,8.75,1,1,0
1,2019-11-01 00:52:53,2019-11-01 01:02:26,N,1,65,49,1,1.60,8,0.5,0.5,1.85,0,,0.3,11.15,1,1,0
2,2019-11-01 00:31:02,2019-11-01 00:45:24,N,1,65,225,1,2.69,12,0.5,0.5,2.66,0,,0.3,15.96,1,1,0
2,2019-11-01 00:51:10,2019-11-01 00:55:16,N,1,17,17,1,.84,5,0.5,0.5,1.7,0,,0.3,8,1,1,0
2,2019-11-01 00:03:40,2019-11-01 00:13:16,N,1,74,235,1,4.00,13,0.5,0.5,0,0,,0.3,14.3,2,1,0
2,2019-11-01 00:43:38,2019-11-01 00:52:27,N,1,41,244,1,2.23,9.5,0.5,0.5,0,0,,0.3,10.8,2,1,0
2,2019-11-01 00:18:14,2019-11-01 00:25:30,N,1,129,260,1,1.27,7,0.5,0.5,1.66,0,,0.3,9.96,1,1,0
2,2019-11-01 00:37:59,2019-11-01 00:41:28,N,1,7,7,1,.55,4.5,0.5,0.5,0,0,,0.3,5.8,2,1,0
2,2019-11-01 00:46:09,2019-11-01 01:01:33,N,1,7,179,1,2.15,10.5,0.5,0.5,0,0,,0.3,11.8,2,1,0
2,2019-11-01 00:45:15,2019-11-01 00:48:26,N,1,36,36,1,.64,4.5,0.5,0.5,1.16,0,,0.3,6.96,1,1,0
2,2019-11-01 00:06:35,2019-11-01 00:32:01,N,1,69,242,1,6.49,22.5,0.5,0.5,2,0,,0.3,25.8,1,1,0
2,2019-11-01 00:26:21,2019-11-01 00:38:58,N,1,42,60,1,3.15,12,0.5,0.5,2.66,0,,0.3,15.96,1,1,0
1,2019-11-01 00:23:03,2019-11-01 00:33:07,N,1,82,129,1,1.50,8.5,0.5,0.5,0,0,,0.3,9.8,2,1,0
2,2019-11-01 00:57:09,2019-11-01 01:03:03,N,1,134,135,2,1.86,7.5,0.5,0.5,1.76,0,,0.3,10.56,1,1,0
2,2019-11-01 00:20:26,2019-11-01 00:27:25,N,1,130,215,1,1.85,8,0.5,0.5,1.86,0,,0.3,11.16,1,1,0
2,2019-11-01 00:31:15,2019-11-01 00:38:26,N,1,82,226,1,1.23,7,0.5,0.5,0,0,,0.3,8.3,2,1,0
2,2019-11-01 00:27:30,2019-11-01 00:28:19,N,5,218,218,1,.00,13,0,0,0.01,0,,0,13.01,1,2,0
2,2019-11-01 00:41:01,2019-11-01 00:44:48,N,1,7,7,1,.81,5,0.5,0.5,0,0,,0.3,6.3,2,1,0
2,2019-11-01 00:05:00,2019-11-01 00:24:49,N,1,7,229,5,3.15,15,0.5,0.5,0,0,,0.3,19.05,2,1,2.75
2,2019-11-01 00:06:36,2019-11-01 00:29:40,N,1,129,82,1,3.06,13.5,0.5,0.5,0,0,,0.3,14.8,2,1,0
2,2019-11-01 00:58:27,2019-11-01 01:04:27,N,1,129,129,1,.85,6,0.5,0.5,0,0,,0.3,7.3,2,1,0
2,2019-11-01 00:05:27,2019-11-01 00:07:43,N,1,255,256,1,.48,3.5,0.5,0.5,0.96,0,,0.3,5.76,1,1,0
2,2019-11-01 00:13:38,2019-11-01 00:20:04,N,1,255,80,1,1.12,6.5,0.5,0.5,1.56,0,,0.3,9.36,1,1,0
2,2019-11-01 00:52:46,2019-11-01 01:02:32,N,1,112,256,1,1.48,8.5,0.5,0.5,1.96,0,,0.3,11.76,1,1,0
2,2019-11-01 00:12:32,2019-11-01 00:54:55,N,1,7,227,1,13.34,43.5,0.5,0.5,8.96,0,,0.3,53.76,1,1,0
2,2019-11-01 00:23:21,2019-11-01 00:51:56,N,1,130,49,1,14.85,41,0.5,0.5,8.46,0,,0.3,50.76,1,1,0
2,2019-11-01 00:20:14,2019-11-01 00:26:40,N,1,41,152,5,1.10,6.5,0.5,0.5,0,0,,0.3,7.8,2,1,0
2,2019-11-01 00:06:35,2019-11-01 00:11:09,N,1,223,7,1,.53,5,0.5,0.5,1.26,0,,0.3,7.56,1,1,0
2,2019-11-01 00:44:52,2019-11-01 00:56:10,N,1,42,213,1,5.45,16.5,0.5,0.5,0,0,,0.3,17.8,2,1,0
2,2019-11-01 00:23:13,2019-11-01 00:42:03,N,1,25,228,1,3.57,16,0.5,0.5,0,0,,0.3,17.3,2,1,0
2,2019-11-01 00:16:01,2019-11-01 00:22:30,N,1,42,244,1,1.43,7,0.5,0.5,0,0,,0.3,8.3,2,1,0
2,2019-11-01 00:28:10,2019-11-01 00:30:26,N,1,116,116,1,.43,4,0.5,0.5,0,0,,0.3,5.3,2,1,0
2,2019-11-01 00:28:08,2019-11-01 00:35:08,N,1,25,33,1,1.32,7,0.5,0.5,0,0,,0.3,8.3,2,1,0
2,2019-11-01 00:38:32,2019-11-01 01:05:02,N,1,52,72,1,6.16,21,0.5,0.5,0,0,,0.3,22.3,2,1,0
2,2019-11-01 00:03:28,2019-11-01 00:28:30,N,1,255,37,1,3.08,16.5,0.5,0.5,3,0,,0.3,20.8,1,1,0
2,2019-11-01 00:30:27,2019-11-01 00:51:55,N,1,37,189,1,3.50,15.5,0.5,0.5,0,0,,0.3,16.8,2,1,0
2,2019-11-01 00:19:10,2019-11-01 00:26:27,N,1,244,166,2,1.78,8,0.5,0.5,1.86,0,,0.3,11.16,1,1,0
1,2019-12-01 00:09:45,2019-12-01 00:10:59,N,1,145,145,1,.00,3,0.5,0.5,0,0,,0.3,4.3,2,1,0
2,2019-12-01 00:26:05,2019-12-01 00:31:30,N,1,24,41,1,.67,5.5,0.5,0.5,2.04,0,,0.3,8.84,1,1,0
2,2019-12-01 00:56:36,2019-12-01 00:59:38,N,1,74,41,1,.61,4.5,0.5,0.5,0,0,,0.3,5.8,2,1,0
2,2019-12-01 00:26:20,2019-12-01 00:40:19,N,1,255,157,1,3.90,14,0.5,0.5,0,0,,0.3,15.3,2,1,0
2,2019-12-01 00:56:36,2019-12-01 00:59:56,N,1,80,255,1,.50,4.5,0.5,0.5,0,0,,0.3,5.8,2,1,0
1,2019-12-01 00:14:28,2019-12-01 00:19:39,N,1,21,123,1,1.10,6,0.5,0.5,0,0,,0.3,7.3,2,1,0
1,2019-12-01 00:45:54,2019-12-01 00:52:46,N,1,181,228,1,1.50,7.5,0.5,0.5,0,0,,0.3,8.8,2,1,0
2,2019-12-01 00:25:35,2019-12-01 01:04:08,N,1,7,53,1,7.42,30,0.5,0.5,0,0,,0.3,31.3,2,1,0
1,2019-12-01 00:43:12,2019-12-01 00:56:44,N,1,75,223,1,5.30,16.5,0.5,0.5,0,6.12,,0.3,23.92,2,1,0
2,2019-12-01 00:56:08,2019-12-01 01:05:11,N,1,112,232,1,2.64,10,0.5,0.5,2.81,0,,0.3,16.86,1,1,2.75
2,2019-12-01 00:10:32,2019-12-01 00:34:48,N,1,97,227,5,3.85,18,0.5,0.5,2.9,0,,0.3,22.2,1,1,0
2,2019-12-01 00:16:41,2019-12-01 00:20:42,N,1,129,260,1,.68,4.5,0.5,0.5,0,0,,0.3,5.8,2,1,0
2,2019-12-01 00:04:57,2019-12-01 00:06:22,N,1,7,7,1,.04,3,0.5,0.5,0,0,,0.3,4.3,2,1,0
2,2019-12-01 00:32:08,2019-12-01 00:44:06,N,1,223,129,1,2.97,11.5,0.5,0.5,1,0,,0.3,13.8,1,1,0
2,2019-12-01 00:13:31,2019-12-01 00:22:38,N,1,223,7,1,1.60,8,0.5,0.5,2.32,0,,0.3,11.62,1,1,0
2,2019-12-01 00:09:15,2019-12-01 00:14:28,N,1,255,255,1,.63,5,0.5,0.5,1.26,0,,0.3,7.56,1,1,0
2,2019-12-01 00:12:29,2019-12-01 00:27:39,N,1,75,116,1,3.66,13.5,0.5,0.5,2.96,0,,0.3,17.76,1,1,0
1,2019-12-01 00:30:08,2019-12-01 00:33:24,N,1,42,42,1,.50,4.5,0.5,0.5,0,0,,0.3,5.8,2,1,0
1,2019-12-01 00:43:11,2019-12-01 00:51:47,N,1,42,152,1,1.60,8,0.5,0.5,0,0,,0.3,9.3,2,1,0
1,2019-12-01 00:55:42,2019-12-01 00:57:50,N,1,116,116,1,.30,3.5,0.5,0.5,0,0,,0.3,4.8,2,1,0
2,2019-12-01 00:32:18,2019-12-01 00:33:01,N,5,42,264,1,.00,7,0,0,0,0,,0,7,1,2,0
2,2019-12-01 00:47:58,2019-12-01 00:59:03,N,1,42,43,1,2.44,10.5,0.5,0.5,1,0,,0.3,12.8,1,1,0
2,2019-12-01 00:18:47,2019-12-01 00:31:28,N,1,83,160,1,2.82,11.5,0.5,0.5,3,0,,0.3,15.8,1,1,0
1,2019-12-01 00:26:26,2019-12-01 00:45:41,N,1,65,188,1,3.50,15.5,0.5,0.5,0,0,,0.3,16.8,2,1,0
2,2019-12-01 00:58:22,2019-12-01 01:03:44,N,1,7,223,1,1.32,6.5,0.5,0.5,2.34,0,,0.3,10.14,1,1,0
2,2019-12-01 00:10:36,2019-12-01 00:19:25,N,1,260,82,1,1.09,7,0.5,0.5,0,0,,0.3,8.3,2,1,0
2,2019-12-01 00:37:31,2019-12-01 01:01:51,N,1,260,223,1,4.03,17.5,0.5,0.5,3.76,0,,0.3,22.56,1,1,0
2,2019-12-01 00:18:19,2019-12-01 00:34:26,N,1,41,159,1,3.14,13.5,0.5,0.5,0,0,,0.3,14.8,2,1,0
2,2019-12-01 00:18:57,2019-12-01 00:19:00,N,5,208,264,1,.00,10,0,0,0,0,,0,10,1,2,0
2,2019-12-01 00:23:02,2019-12-01 00:32:27,N,1,83,160,1,1.84,8.5,0.5,0.5,0,0,,0.3,9.8,2,1,0
2,2019-12-01 00:47:41,2019-12-01 00:57:36,N,1,82,70,1,3.55,12.5,0.5,0.5,0,0,,0.3,13.8,2,1,0
2,2019-12-01 00:48:52,2019-12-01 01:05:58,N,1,7,82,1,3.38,14.5,0.5,0.5,0,0,,0.3,15.8,2,1,0
2,2019-12-01 00:08:18,2019-12-01 00:18:40,N,1,85,39,1,2.79,10.5,0.5,0.5,0,0,,0.3,11.8,2,1,0
2,2019-12-01 00:08:38,2019-12-01 00:20:42,N,1,74,116,1,1.98,10,0.5,0.5,2.26,0,,0.3,13.56,1,1,0
2,2019-12-01 00:30:02,2019-12-01 00:39:19,N,1,247,41,1,2.08,9,0.5,0.5,1.85,0,,0.3,12.15,1,1,0
2,2019-12-01 00:16:48,2019-12-01 00:36:36,N,1,66,164,1,6.10,21,0.5,0.5,5.01,0,,0.3,30.06,1,1,2.75
2,2019-12-01 00:07:40,2019-12-01 00:34:34,N,1,181,224,1,7.15,25,0.5,0.5,2.9,0,,0.3,31.95,1,1,2.75
2,2019-12-01 00:06:00,2019-12-01 00:14:06,N,1,130,135,1,2.67,10,0.5,0.5,0,0,,0.3,11.3,2,1,0
2,2019-12-01 00:29:19,2019-12-01 00:40:13,N,1,255,17,1,2.29,9.5,0.5,0.5,2.16,0,,0.3,12.96,1,1,0
2,2019-12-01 00:49:07,2019-12-01 01:01:06,N,1,65,61,1,2.12,10,0.5,0.5,0,0,,0.3,11.3,2,1,0
2,2019-11-30 23:52:27,2019-12-01 00:00:49,N,1,247,42,1,1.62,8,0.5,0.5,0,0,,0.3,9.3,1,1,0
2,2019-12-01 00:06:01,2019-12-01 00:08:45,N,1,166,41,1,.31,4,0.5,0.5,1.06,0,,0.3,6.36,1,1,0
2,2019-12-01 00:12:16,2019-12-01 00:18:08,N,1,41,42,1,1.21,6.5,0.5,0.5,0,0,,0.3,7.8,1,1,0
2,2019-12-01 00:12:47,2019-12-01 00:24:39,N,1,92,95,1,4.62,15.5,0.5,0.5,0,0,,0.3,16.8,2,1,0
2,2019-12-01 00:04:18,2019-12-01 00:21:10,N,1,256,148,5,3.55,14.5,0.5,0.5,0,0,,0.3,18.55,2,1,2.75
2,2019-12-01 00:28:51,2019-12-01 00:34:42,N,1,256,232,5,1.85,8,0.5,0.5,0,0,,0.3,12.05,2,1,2.75
2,2019-12-01 00:22:43,2019-12-01 00:39:12,N,1,112,4,1,4.40,16.5,0.5,0.5,5.14,0,,0.3,25.69,1,1,2.75
2,2019-12-01 00:31:05,2019-12-01 00:37:51,N,1,82,82,1,1.43,7,0.5,0.5,0,0,,0.3,8.3,2,1,0
2,2019-12-01 00:04:55,2019-12-01 00:12:08,N,1,244,243,1,1.97,8.5,0.5,0.5,0,0,,0.3,9.8,2,1,0
2,2019-12-01 00:50:32,2019-12-01 01:00:52,N,1,247,152,1,2.47,10,0.5,0.5,0,0,,0.3,11.3,2,1,0
2,2019-12-01 00:19:57,2019-12-01 00:30:46,N,1,83,160,1,2.71,11,0.5,0.5,2.46,0,,0.3,14.76,1,1,0
2,2019-12-01 00:50:53,2019-12-01 01:04:33,N,1,82,160,1,3.77,13.5,0.5,0.5,2.96,0,,0.3,17.76,1,1,0
1,2019-12-01 00:19:24,2019-12-01 00:39:10,N,1,112,36,1,3.80,16,0.5,0.5,0,0,,0.3,17.3,2,1,0
2,2019-12-01 00:20:33,2019-12-01 00:26:22,N,1,7,7,1,1.10,6,0.5,0.5,0,0,,0.3,7.3,2,1,0
2,2019-12-01 00:35:53,2019-12-01 00:45:55,N,1,179,226,1,2.30,9.5,0.5,0.5,0,0,,0.3,10.8,2,1,0